{
  "ArrayOfPricesEl": [
    {
      "ID": "10001",
      "IDStock": "4086fbbc-8dc9-418d-8de9-7d65ccab24a0",
      "PriceT": 23000,
      "PriceLimitT1": 0.25,
      "PriceT1": 21000,
      "PriceLimitT2": 0.5,
      "PriceT2": 19000,
      "PriceM": 2300,
      "PriceLimitM1": 5,
      "PriceM1": 2100,
      "PriceLimitM2": 10,
      "PriceM2": 1900,
      "NDS": 20
    },
    {
      "ID": "10002",
      "IDStock": "4086fbbc-8dc9-418d-8de9-7d65ccab24a0",
      "PriceT": 26394.61,
      "PriceLimitT1": 8.55,
      "PriceT1": 23755.15,
      "PriceLimitT2": 17.1,
      "PriceT2": 21115.69,
      "PriceM": 35192.81,
      "PriceLimitM1": 6.412,
      "PriceM1": 31673.53,
      "PriceLimitM2": 12.825,
      "PriceM2": 28154.25,
      "NDS": 20
    },
    {
      "ID": "10003",
      "IDStock": "4086fbbc-8dc9-418d-8de9-7d65ccab24a0",
      "PriceT": 23090.3,
      "PriceLimitT1": 1.32,
      "PriceT1": 20781.27,
      "PriceLimitT2": 2.64,
      "PriceT2": 18472.24,
      "PriceM": 8648.052,
      "PriceLimitM1": 3.524,
      "PriceM1": 7783.247,
      "PriceLimitM2": 7.049,
      "PriceM2": 6918.442,
      "NDS": 20
    },
    {
      "ID": "10004",
      "IDStock": "c90165d4-835c-44e0-a79a-661fc4ebcec1",
      "PriceT": 15550.52,
      "PriceLimitT1": 2.96,
      "PriceT1": 13995.47,
      "PriceLimitT2": 5.92,
      "PriceT2": 12440.42,
      "PriceM": 4405.246,
      "PriceLimitM1": 10.449,
      "PriceM1": 3964.722,
      "PriceLimitM2": 20.898,
      "PriceM2": 3524.197,
      "NDS": 20
    },
    {
      "ID": "10005",
      "IDStock": "7ea241c8-a1a2-4094-b57b-f814b9eea821",
      "PriceT": 60214.5,
      "PriceLimitT1": 1.86,
      "PriceT1": 54193.05,
      "PriceLimitT2": 3.72,
      "PriceT2": 48171.6,
      "PriceM": 29957.46,
      "PriceLimitM1": 3.739,
      "PriceM1": 26961.72,
      "PriceLimitM2": 7.477,
      "PriceM2": 23965.97,
      "NDS": 20
    },
    {
      "ID": "10006",
      "IDStock": "4086fbbc-8dc9-418d-8de9-7d65ccab24a0",
      "PriceT": 91744.1,
      "PriceLimitT1": 5.52,
      "PriceT1": 82569.69,
      "PriceLimitT2": 11.04,
      "PriceT2": 73395.28,
      "PriceM": 28670.03,
      "PriceLimitM1": 17.664,
      "PriceM1": 25803.03,
      "PriceLimitM2": 35.328,
      "PriceM2": 22936.03,
      "NDS": 20
    },
    {
      "ID": "10007",
      "IDStock": "881fcb8e-26d4-467a-be21-f0f877e77c99",
      "PriceT": 71461.33,
      "PriceLimitT1": 5.8,
      "PriceT1": 64315.2,
      "PriceLimitT2": 11.6,
      "PriceT2": 57169.06,
      "PriceM": 10943.54,
      "PriceLimitM1": 37.874,
      "PriceM1": 9849.188,
      "PriceLimitM2": 75.748,
      "PriceM2": 8754.834,
      "NDS": 20
    },
    {
      "ID": "10008",
      "IDStock": "881fcb8e-26d4-467a-be21-f0f877e77c99",
      "PriceT": 60785.87,
      "PriceLimitT1": 1.26,
      "PriceT1": 54707.28,
      "PriceLimitT2": 2.52,
      "PriceT2": 48628.7,
      "PriceM": 9756.961,
      "PriceLimitM1": 7.85,
      "PriceM1": 8781.265,
      "PriceLimitM2": 15.7,
      "PriceM2": 7805.569,
      "NDS": 20
    },
    {
      "ID": "10009",
      "IDStock": "4086fbbc-8dc9-418d-8de9-7d65ccab24a0",
      "PriceT": 19672.57,
      "PriceLimitT1": 3.1,
      "PriceT1": 17705.31,
      "PriceLimitT2": 6.2,
      "PriceT2": 15738.06,
      "PriceM": 4543.319,
      "PriceLimitM1": 13.423,
      "PriceM1": 4088.987,
      "PriceLimitM2": 26.846,
      "PriceM2": 3634.655,
      "NDS": 20
    },
    {
      "ID": "10010",
      "IDStock": "4086fbbc-8dc9-418d-8de9-7d65ccab24a0",
      "PriceT": 30048.9,
      "PriceLimitT1": 1.74,
      "PriceT1": 27044.01,
      "PriceLimitT2": 3.48,
      "PriceT2": 24039.12,
      "PriceM": 4926.049,
      "PriceLimitM1": 10.614,
      "PriceM1": 4433.444,
      "PriceLimitM2": 21.228,
      "PriceM2": 3940.839,
      "NDS": 20
    },
    {
      "ID": "10011",
      "IDStock": "055228a9-0eaf-42a6-b259-1fe69d19865e",
      "PriceT": 44252.52,
      "PriceLimitT1": 2.3,
      "PriceT1": 39827.27,
      "PriceLimitT2": 4.6,
      "PriceT2": 35402.02,
      "PriceM": 5504.045,
      "PriceLimitM1": 18.492,
      "PriceM1": 4953.64,
      "PriceLimitM2": 36.984,
      "PriceM2": 4403.236,
      "NDS": 20
    },
    {
      "ID": "10012",
      "IDStock": "881fcb8e-26d4-467a-be21-f0f877e77c99",
      "PriceT": 58468.73,
      "PriceLimitT1": 0.98,
      "PriceT1": 52621.86,
      "PriceLimitT2": 1.96,
      "PriceT2": 46774.98,
      "PriceM": 7010.639,
      "PriceLimitM1": 8.173,
      "PriceM1": 6309.575,
      "PriceLimitM2": 16.346,
      "PriceM2": 5608.511,
      "NDS": 20
    },
    {
      "ID": "10013",
      "IDStock": "7ea241c8-a1a2-4094-b57b-f814b9eea821",
      "PriceT": 11167.99,
      "PriceLimitT1": 0.68,
      "PriceT1": 10051.19,
      "PriceLimitT2": 1.36,
      "PriceT2": 8934.39,
      "PriceM": 1134.958,
      "PriceLimitM1": 6.691,
      "PriceM1": 1021.463,
      "PriceLimitM2": 13.382,
      "PriceM2": 907.967,
      "NDS": 20
    },
    {
      "ID": "10014",
      "IDStock": "881fcb8e-26d4-467a-be21-f0f877e77c99",
      "PriceT": 6543.4,
      "PriceLimitT1": 0.8,
      "PriceT1": 5889.06,
      "PriceLimitT2": 1.6,
      "PriceT2": 5234.72,
      "PriceM": 1189.709,
      "PriceLimitM1": 4.4,
      "PriceM1": 1070.738,
      "PriceLimitM2": 8.8,
      "PriceM2": 951.767,
      "NDS": 20
    },
    {
      "ID": "10015",
      "IDStock": "055228a9-0eaf-42a6-b259-1fe69d19865e",
      "PriceT": 62948.26,
      "PriceLimitT1": 3.78,
      "PriceT1": 56653.43,
      "PriceLimitT2": 7.56,
      "PriceT2": 50358.61,
      "PriceM": 9835.666,
      "PriceLimitM1": 24.192,
      "PriceM1": 8852.099,
      "PriceLimitM2": 48.384,
      "PriceM2": 7868.533,
      "NDS": 20
    },
    {
      "ID": "10016",
      "IDStock": "4086fbbc-8dc9-418d-8de9-7d65ccab24a0",
      "PriceT": 86333.47,
      "PriceLimitT1": 0.42,
      "PriceT1": 77700.12,
      "PriceLimitT2": 0.84,
      "PriceT2": 69066.78,
      "PriceM": 39785.01,
      "PriceLimitM1": 0.911,
      "PriceM1": 35806.51,
      "PriceLimitM2": 1.823,
      "PriceM2": 31828.01,
      "NDS": 20
    },
    {
      "ID": "10017",
      "IDStock": "055228a9-0eaf-42a6-b259-1fe69d19865e",
      "PriceT": 68685.13,
      "PriceLimitT1": 2.5,
      "PriceT1": 61816.62,
      "PriceLimitT2": 5.0,
      "PriceT2": 54948.1,
      "PriceM": 17301.04,
      "PriceLimitM1": 9.925,
      "PriceM1": 15570.94,
      "PriceLimitM2": 19.85,
      "PriceM2": 13840.83,
      "NDS": 20
    },
    {
      "ID": "10018",
      "IDStock": "055228a9-0eaf-42a6-b259-1fe69d19865e",
      "PriceT": 11461.98,
      "PriceLimitT1": 5.46,
      "PriceT1": 10315.78,
      "PriceLimitT2": 10.92,
      "PriceT2": 9169.58,
      "PriceM": 1150.801,
      "PriceLimitM1": 54.382,
      "PriceM1": 1035.721,
      "PriceLimitM2": 108.763,
      "PriceM2": 920.641,
      "NDS": 20
    },
    {
      "ID": "10019",
      "IDStock": "7ea241c8-a1a2-4094-b57b-f814b9eea821",
      "PriceT": 74032.91,
      "PriceLimitT1": 1.8,
      "PriceT1": 66629.62,
      "PriceLimitT2": 3.6,
      "PriceT2": 59226.33,
      "PriceM": 22502.4,
      "PriceLimitM1": 5.922,
      "PriceM1": 20252.16,
      "PriceLimitM2": 11.844,
      "PriceM2": 18001.92,
      "NDS": 20
    },
    {
      "ID": "10020",
      "IDStock": "881fcb8e-26d4-467a-be21-f0f877e77c99",
      "PriceT": 47114.47,
      "PriceLimitT1": 0.06,
      "PriceT1": 42403.02,
      "PriceLimitT2": 0.12,
      "PriceT2": 37691.58,
      "PriceM": 18696.22,
      "PriceLimitM1": 0.151,
      "PriceM1": 16826.6,
      "PriceLimitM2": 0.302,
      "PriceM2": 14956.97,
      "NDS": 20
    },
    {
      "ID": "10021",
      "IDStock": "c90165d4-835c-44e0-a79a-661fc4ebcec1",
      "PriceT": 51208.38,
      "PriceLimitT1": 1.62,
      "PriceT1": 46087.54,
      "PriceLimitT2": 3.24,
      "PriceT2": 40966.7,
      "PriceM": 11012.55,
      "PriceLimitM1": 7.533,
      "PriceM1": 9911.299,
      "PriceLimitM2": 15.066,
      "PriceM2": 8810.044,
      "NDS": 20
    },
    {
      "ID": "10022",
      "IDStock": "c90165d4-835c-44e0-a79a-661fc4ebcec1",
      "PriceT": 60039.0,
      "PriceLimitT1": 0.71,
      "PriceT1": 54035.1,
      "PriceLimitT2": 1.42,
      "PriceT2": 48031.2,
      "PriceM": 113281.1,
      "PriceLimitM1": 0.376,
      "PriceM1": 101953.0,
      "PriceLimitM2": 0.753,
      "PriceM2": 90624.91,
      "NDS": 20
    },
    {
      "ID": "10023",
      "IDStock": "4086fbbc-8dc9-418d-8de9-7d65ccab24a0",
      "PriceT": 48990.85,
      "PriceLimitT1": 6.72,
      "PriceT1": 44091.77,
      "PriceLimitT2": 13.44,
      "PriceT2": 39192.68,
      "PriceM": 17069.98,
      "PriceLimitM1": 19.286,
      "PriceM1": 15362.98,
      "PriceLimitM2": 38.573,
      "PriceM2": 13655.99,
      "NDS": 20
    },
    {
      "ID": "10024",
      "IDStock": "055228a9-0eaf-42a6-b259-1fe69d19865e",
      "PriceT": 68546.11,
      "PriceLimitT1": 0.64,
      "PriceT1": 61691.5,
      "PriceLimitT2": 1.28,
      "PriceT2": 54836.89,
      "PriceM": 10230.76,
      "PriceLimitM1": 4.288,
      "PriceM1": 9207.686,
      "PriceLimitM2": 8.576,
      "PriceM2": 8184.61,
      "NDS": 20
    },
    {
      "ID": "10025",
      "IDStock": "7ea241c8-a1a2-4094-b57b-f814b9eea821",
      "PriceT": 42722.11,
      "PriceLimitT1": 4.15,
      "PriceT1": 38449.9,
      "PriceLimitT2": 8.3,
      "PriceT2": 34177.69,
      "PriceM": 18494.42,
      "PriceLimitM1": 9.586,
      "PriceM1": 16644.98,
      "PriceLimitM2": 19.173,
      "PriceM2": 14795.54,
      "NDS": 20
    },
    {
      "ID": "10026",
      "IDStock": "055228a9-0eaf-42a6-b259-1fe69d19865e",
      "PriceT": 92508.85,
      "PriceLimitT1": 0.82,
      "PriceT1": 83257.97,
      "PriceLimitT2": 1.64,
      "PriceT2": 74007.08,
      "PriceM": 120141.4,
      "PriceLimitM1": 0.631,
      "PriceM1": 108127.2,
      "PriceLimitM2": 1.263,
      "PriceM2": 96113.09,
      "NDS": 20
    },
    {
      "ID": "10027",
      "IDStock": "4086fbbc-8dc9-418d-8de9-7d65ccab24a0",
      "PriceT": 84306.46,
      "PriceLimitT1": 0.63,
      "PriceT1": 75875.81,
      "PriceLimitT2": 1.26,
      "PriceT2": 67445.17,
      "PriceM": 45818.73,
      "PriceLimitM1": 1.159,
      "PriceM1": 41236.86,
      "PriceLimitM2": 2.318,
      "PriceM2": 36654.98,
      "NDS": 20
    },
    {
      "ID": "10028",
      "IDStock": "7ea241c8-a1a2-4094-b57b-f814b9eea821",
      "PriceT": 3362.76,
      "PriceLimitT1": 6.86,
      "PriceT1": 3026.48,
      "PriceLimitT2": 13.72,
      "PriceT2": 2690.21,
      "PriceM": 745.623,
      "PriceLimitM1": 30.939,
      "PriceM1": 671.061,
      "PriceLimitM2": 61.877,
      "PriceM2": 596.498,
      "NDS": 20
    },
    {
      "ID": "10029",
      "IDStock": "4086fbbc-8dc9-418d-8de9-7d65ccab24a0",
      "PriceT": 52210.69,
      "PriceLimitT1": 2.24,
      "PriceT1": 46989.62,
      "PriceLimitT2": 4.48,
      "PriceT2": 41768.55,
      "PriceM": 5284.483,
      "PriceLimitM1": 22.131,
      "PriceM1": 4756.035,
      "PriceLimitM2": 44.262,
      "PriceM2": 4227.586,
      "NDS": 20
    },
    {
      "ID": "10030",
      "IDStock": "055228a9-0eaf-42a6-b259-1fe69d19865e",
      "PriceT": 74105.89,
      "PriceLimitT1": 1.68,
      "PriceT1": 66695.3,
      "PriceLimitT2": 3.36,
      "PriceT2": 59284.71,
      "PriceM": 11027.66,
      "PriceLimitM1": 11.29,
      "PriceM1": 9924.896,
      "PriceLimitM2": 22.579,
      "PriceM2": 8822.13,
      "NDS": 20
    },
    {
      "ID": "10031",
      "IDStock": "7ea241c8-a1a2-4094-b57b-f814b9eea821",
      "PriceT": 1464.11,
      "PriceLimitT1": 0.54,
      "PriceT1": 1317.7,
      "PriceLimitT2": 1.08,
      "PriceT2": 1171.29,
      "PriceM": 156.255,
      "PriceLimitM1": 5.06,
      "PriceM1": 140.63,
      "PriceLimitM2": 10.12,
      "PriceM2": 125.004,
      "NDS": 20
    },
    {
      "ID": "10032",
      "IDStock": "c90165d4-835c-44e0-a79a-661fc4ebcec1",
      "PriceT": 29298.79,
      "PriceLimitT1": 1.75,
      "PriceT1": 26368.91,
      "PriceLimitT2": 3.5,
      "PriceT2": 23439.03,
      "PriceM": 3551.368,
      "PriceLimitM1": 14.438,
      "PriceM1": 3196.232,
      "PriceLimitM2": 28.875,
      "PriceM2": 2841.095,
      "NDS": 20
    },
    {
      "ID": "10033",
      "IDStock": "4086fbbc-8dc9-418d-8de9-7d65ccab24a0",
      "PriceT": 13658.51,
      "PriceLimitT1": 0.08,
      "PriceT1": 12292.66,
      "PriceLimitT2": 0.16,
      "PriceT2": 10926.81,
      "PriceM": 4895.523,
      "PriceLimitM1": 0.223,
      "PriceM1": 4405.971,
      "PriceLimitM2": 0.446,
      "PriceM2": 3916.419,
      "NDS": 20
    },
    {
      "ID": "10034",
      "IDStock": "4086fbbc-8dc9-418d-8de9-7d65ccab24a0",
      "PriceT": 95064.5,
      "PriceLimitT1": 2.16,
      "PriceT1": 85558.05,
      "PriceLimitT2": 4.32,
      "PriceT2": 76051.6,
      "PriceM": 13658.69,
      "PriceLimitM1": 15.034,
      "PriceM1": 12292.82,
      "PriceLimitM2": 30.067,
      "PriceM2": 10926.95,
      "NDS": 20
    },
    {
      "ID": "10035",
      "IDStock": "881fcb8e-26d4-467a-be21-f0f877e77c99",
      "PriceT": 46948.18,
      "PriceLimitT1": 0.54,
      "PriceT1": 42253.36,
      "PriceLimitT2": 1.08,
      "PriceT2": 37558.54,
      "PriceM": 6566.179,
      "PriceLimitM1": 3.861,
      "PriceM1": 5909.561,
      "PriceLimitM2": 7.722,
      "PriceM2": 5252.943,
      "NDS": 20
    },
    {
      "ID": "10036",
      "IDStock": "881fcb8e-26d4-467a-be21-f0f877e77c99",
      "PriceT": 49088.58,
      "PriceLimitT1": 1.92,
      "PriceT1": 44179.72,
      "PriceLimitT2": 3.84,
      "PriceT2": 39270.86,
      "PriceM": 17981.16,
      "PriceLimitM1": 5.242,
      "PriceM1": 16183.05,
      "PriceLimitM2": 10.483,
      "PriceM2": 14384.93,
      "NDS": 20
    },
    {
      "ID": "10037",
      "IDStock": "055228a9-0eaf-42a6-b259-1fe69d19865e",
      "PriceT": 86049.92,
      "PriceLimitT1": 4.4,
      "PriceT1": 77444.93,
      "PriceLimitT2": 8.8,
      "PriceT2": 68839.94,
      "PriceM": 9582.396,
      "PriceLimitM1": 39.512,
      "PriceM1": 8624.157,
      "PriceLimitM2": 79.024,
      "PriceM2": 7665.917,
      "NDS": 20
    },
    {
      "ID": "10038",
      "IDStock": "c90165d4-835c-44e0-a79a-661fc4ebcec1",
      "PriceT": 70619.06,
      "PriceLimitT1": 0.27,
      "PriceT1": 63557.15,
      "PriceLimitT2": 0.54,
      "PriceT2": 56495.25,
      "PriceM": 28023.44,
      "PriceLimitM1": 0.68,
      "PriceM1": 25221.09,
      "PriceLimitM2": 1.361,
      "PriceM2": 22418.75,
      "NDS": 20
    },
    {
      "ID": "10039",
      "IDStock": "7ea241c8-a1a2-4094-b57b-f814b9eea821",
      "PriceT": 92243.03,
      "PriceLimitT1": 1.6,
      "PriceT1": 83018.73,
      "PriceLimitT2": 3.2,
      "PriceT2": 73794.42,
      "PriceM": 9865.565,
      "PriceLimitM1": 14.96,
      "PriceM1": 8879.008,
      "PriceLimitM2": 29.92,
      "PriceM2": 7892.452,
      "NDS": 20
    },
    {
      "ID": "10040",
      "IDStock": "c90165d4-835c-44e0-a79a-661fc4ebcec1",
      "PriceT": 90466.51,
      "PriceLimitT1": 0.68,
      "PriceT1": 81419.86,
      "PriceLimitT2": 1.36,
      "PriceT2": 72373.21,
      "PriceM": 17198.96,
      "PriceLimitM1": 3.577,
      "PriceM1": 15479.06,
      "PriceLimitM2": 7.154,
      "PriceM2": 13759.17,
      "NDS": 20
    },
    {
      "ID": "10041",
      "IDStock": "881fcb8e-26d4-467a-be21-f0f877e77c99",
      "PriceT": 53369.31,
      "PriceLimitT1": 3.16,
      "PriceT1": 48032.38,
      "PriceLimitT2": 6.32,
      "PriceT2": 42695.45,
      "PriceM": 6023.624,
      "PriceLimitM1": 27.998,
      "PriceM1": 5421.262,
      "PriceLimitM2": 55.995,
      "PriceM2": 4818.899,
      "NDS": 20
    },
    {
      "ID": "10042",
      "IDStock": "4086fbbc-8dc9-418d-8de9-7d65ccab24a0",
      "PriceT": 41003.95,
      "PriceLimitT1": 3.9,
      "PriceT1": 36903.56,
      "PriceLimitT2": 7.8,
      "PriceT2": 32803.16,
      "PriceM": 5882.92,
      "PriceLimitM1": 27.183,
      "PriceM1": 5294.628,
      "PriceLimitM2": 54.366,
      "PriceM2": 4706.336,
      "NDS": 20
    },
    {
      "ID": "10043",
      "IDStock": "055228a9-0eaf-42a6-b259-1fe69d19865e",
      "PriceT": 33833.06,
      "PriceLimitT1": 9.3,
      "PriceT1": 30449.75,
      "PriceLimitT2": 18.6,
      "PriceT2": 27066.45,
      "PriceM": 12815.55,
      "PriceLimitM1": 24.552,
      "PriceM1": 11534.0,
      "PriceLimitM2": 49.104,
      "PriceM2": 10252.44,
      "NDS": 20
    },
    {
      "ID": "10044",
      "IDStock": "c90165d4-835c-44e0-a79a-661fc4ebcec1",
      "PriceT": 6166.94,
      "PriceLimitT1": 2.5,
      "PriceT1": 5550.25,
      "PriceLimitT2": 5.0,
      "PriceT2": 4933.55,
      "PriceM": 1093.429,
      "PriceLimitM1": 14.1,
      "PriceM1": 984.086,
      "PriceLimitM2": 28.2,
      "PriceM2": 874.743,
      "NDS": 20
    },
    {
      "ID": "10045",
      "IDStock": "881fcb8e-26d4-467a-be21-f0f877e77c99",
      "PriceT": 24601.06,
      "PriceLimitT1": 8.5,
      "PriceT1": 22140.95,
      "PriceLimitT2": 17.0,
      "PriceT2": 19680.85,
      "PriceM": 4581.203,
      "PriceLimitM1": 45.645,
      "PriceM1": 4123.083,
      "PriceLimitM2": 91.29,
      "PriceM2": 3664.962,
      "NDS": 20
    },
    {
      "ID": "10046",
      "IDStock": "c90165d4-835c-44e0-a79a-661fc4ebcec1",
      "PriceT": 71453.53,
      "PriceLimitT1": 7.2,
      "PriceT1": 64308.18,
      "PriceLimitT2": 14.4,
      "PriceT2": 57162.82,
      "PriceM": 11252.52,
      "PriceLimitM1": 45.72,
      "PriceM1": 10127.27,
      "PriceLimitM2": 91.44,
      "PriceM2": 9002.02,
      "NDS": 20
    },
    {
      "ID": "10047",
      "IDStock": "055228a9-0eaf-42a6-b259-1fe69d19865e",
      "PriceT": 93202.62,
      "PriceLimitT1": 2.43,
      "PriceT1": 83882.36,
      "PriceLimitT2": 4.86,
      "PriceT2": 74562.1,
      "PriceM": 14984.34,
      "PriceLimitM1": 15.115,
      "PriceM1": 13485.91,
      "PriceLimitM2": 30.229,
      "PriceM2": 11987.48,
      "NDS": 20
    },
    {
      "ID": "10048",
      "IDStock": "c90165d4-835c-44e0-a79a-661fc4ebcec1",
      "PriceT": 73924.26,
      "PriceLimitT1": 0.24,
      "PriceT1": 66531.83,
      "PriceLimitT2": 0.48,
      "PriceT2": 59139.41,
      "PriceM": 11961.85,
      "PriceLimitM1": 1.483,
      "PriceM1": 10765.67,
      "PriceLimitM2": 2.966,
      "PriceM2": 9569.483,
      "NDS": 20
    },
    {
      "ID": "10049",
      "IDStock": "055228a9-0eaf-42a6-b259-1fe69d19865e",
      "PriceT": 33729.54,
      "PriceLimitT1": 0.5,
      "PriceT1": 30356.59,
      "PriceLimitT2": 1.0,
      "PriceT2": 26983.63,
      "PriceM": 8560.797,
      "PriceLimitM1": 1.97,
      "PriceM1": 7704.717,
      "PriceLimitM2": 3.94,
      "PriceM2": 6848.638,
      "NDS": 20
    },
    {
      "ID": "10050",
      "IDStock": "4086fbbc-8dc9-418d-8de9-7d65ccab24a0",
      "PriceT": 52202.18,
      "PriceLimitT1": 5.31,
      "PriceT1": 46981.96,
      "PriceLimitT2": 10.62,
      "PriceT2": 41761.74,
      "PriceM": 5655.707,
      "PriceLimitM1": 49.011,
      "PriceM1": 5090.137,
      "PriceLimitM2": 98.023,
      "PriceM2": 4524.566,
      "NDS": 20
    },
    {
      "ID": "10051",
      "IDStock": "4086fbbc-8dc9-418d-8de9-7d65ccab24a0",
      "PriceT": 16836.1,
      "PriceLimitT1": 8.4,
      "PriceT1": 15152.49,
      "PriceLimitT2": 16.8,
      "PriceT2": 13468.88,
      "PriceM": 9565.966,
      "PriceLimitM1": 14.784,
      "PriceM1": 8609.369,
      "PriceLimitM2": 29.568,
      "PriceM2": 7652.773,
      "NDS": 20
    },
    {
      "ID": "10052",
      "IDStock": "c90165d4-835c-44e0-a79a-661fc4ebcec1",
      "PriceT": 96472.84,
      "PriceLimitT1": 5.94,
      "PriceT1": 86825.56,
      "PriceLimitT2": 11.88,
      "PriceT2": 77178.27,
      "PriceM": 57768.17,
      "PriceLimitM1": 9.92,
      "PriceM1": 51991.35,
      "PriceLimitM2": 19.84,
      "PriceM2": 46214.53,
      "NDS": 20
    },
    {
      "ID": "10053",
      "IDStock": "7ea241c8-a1a2-4094-b57b-f814b9eea821",
      "PriceT": 39739.11,
      "PriceLimitT1": 0.17,
      "PriceT1": 35765.2,
      "PriceLimitT2": 0.34,
      "PriceT2": 31791.29,
      "PriceM": 15959.48,
      "PriceLimitM1": 0.423,
      "PriceM1": 14363.53,
      "PriceLimitM2": 0.847,
      "PriceM2": 12767.59,
      "NDS": 20
    },
    {
      "ID": "10054",
      "IDStock": "7ea241c8-a1a2-4094-b57b-f814b9eea821",
      "PriceT": 98484.28,
      "PriceLimitT1": 8.3,
      "PriceT1": 88635.85,
      "PriceLimitT2": 16.6,
      "PriceT2": 78787.42,
      "PriceM": 14787.43,
      "PriceLimitM1": 55.278,
      "PriceM1": 13308.69,
      "PriceLimitM2": 110.556,
      "PriceM2": 11829.94,
      "NDS": 20
    },
    {
      "ID": "10055",
      "IDStock": "881fcb8e-26d4-467a-be21-f0f877e77c99",
      "PriceT": 76217.87,
      "PriceLimitT1": 0.38,
      "PriceT1": 68596.08,
      "PriceLimitT2": 0.76,
      "PriceT2": 60974.3,
      "PriceM": 22092.14,
      "PriceLimitM1": 1.311,
      "PriceM1": 19882.92,
      "PriceLimitM2": 2.622,
      "PriceM2": 17673.71,
      "NDS": 20
    },
    {
      "ID": "10056",
      "IDStock": "4086fbbc-8dc9-418d-8de9-7d65ccab24a0",
      "PriceT": 1547.06,
      "PriceLimitT1": 0.12,
      "PriceT1": 1392.35,
      "PriceLimitT2": 0.24,
      "PriceT2": 1237.65,
      "PriceM": 164.057,
      "PriceLimitM1": 1.132,
      "PriceM1": 147.651,
      "PriceLimitM2": 2.263,
      "PriceM2": 131.246,
      "NDS": 20
    },
    {
      "ID": "10057",
      "IDStock": "c90165d4-835c-44e0-a79a-661fc4ebcec1",
      "PriceT": 26614.17,
      "PriceLimitT1": 3.68,
      "PriceT1": 23952.75,
      "PriceLimitT2": 7.36,
      "PriceT2": 21291.34,
      "PriceM": 18104.88,
      "PriceLimitM1": 5.41,
      "PriceM1": 16294.39,
      "PriceLimitM2": 10.819,
      "PriceM2": 14483.9,
      "NDS": 20
    },
    {
      "ID": "10058",
      "IDStock": "7ea241c8-a1a2-4094-b57b-f814b9eea821",
      "PriceT": 50534.21,
      "PriceLimitT1": 4.4,
      "PriceT1": 45480.79,
      "PriceLimitT2": 8.8,
      "PriceT2": 40427.37,
      "PriceM": 22970.1,
      "PriceLimitM1": 9.68,
      "PriceM1": 20673.09,
      "PriceLimitM2": 19.36,
      "PriceM2": 18376.08,
      "NDS": 20
    },
    {
      "ID": "10059",
      "IDStock": "055228a9-0eaf-42a6-b259-1fe69d19865e",
      "PriceT": 67832.31,
      "PriceLimitT1": 2.64,
      "PriceT1": 61049.08,
      "PriceLimitT2": 5.28,
      "PriceT2": 54265.85,
      "PriceM": 8532.366,
      "PriceLimitM1": 20.988,
      "PriceM1": 7679.129,
      "PriceLimitM2": 41.976,
      "PriceM2": 6825.893,
      "NDS": 20
    },
    {
      "ID": "10060",
      "IDStock": "4086fbbc-8dc9-418d-8de9-7d65ccab24a0",
      "PriceT": 41881.28,
      "PriceLimitT1": 0.81,
      "PriceT1": 37693.15,
      "PriceLimitT2": 1.62,
      "PriceT2": 33505.02,
      "PriceM": 4527.706,
      "PriceLimitM1": 7.492,
      "PriceM1": 4074.935,
      "PriceLimitM2": 14.985,
      "PriceM2": 3622.165,
      "NDS": 20
    },
    {
      "ID": "10061",
      "IDStock": "055228a9-0eaf-42a6-b259-1fe69d19865e",
      "PriceT": 3339.08,
      "PriceLimitT1": 0.49,
      "PriceT1": 3005.17,
      "PriceLimitT2": 0.98,
      "PriceT2": 2671.26,
      "PriceM": 881.024,
      "PriceLimitM1": 1.857,
      "PriceM1": 792.921,
      "PriceLimitM2": 3.714,
      "PriceM2": 704.819,
      "NDS": 20
    },
    {
      "ID": "10062",
      "IDStock": "c90165d4-835c-44e0-a79a-661fc4ebcec1",
      "PriceT": 73586.33,
      "PriceLimitT1": 5.58,
      "PriceT1": 66227.7,
      "PriceLimitT2": 11.16,
      "PriceT2": 58869.06,
      "PriceM": 38934.57,
      "PriceLimitM1": 10.546,
      "PriceM1": 35041.11,
      "PriceLimitM2": 21.092,
      "PriceM2": 31147.65,
      "NDS": 20
    },
    {
      "ID": "10063",
      "IDStock": "7ea241c8-a1a2-4094-b57b-f814b9eea821",
      "PriceT": 13163.79,
      "PriceLimitT1": 5.4,
      "PriceT1": 11847.41,
      "PriceLimitT2": 10.8,
      "PriceT2": 10531.03,
      "PriceM": 2958.155,
      "PriceLimitM1": 24.03,
      "PriceM1": 2662.34,
      "PriceLimitM2": 48.06,
      "PriceM2": 2366.524,
      "NDS": 20
    },
    {
      "ID": "10064",
      "IDStock": "4086fbbc-8dc9-418d-8de9-7d65ccab24a0",
      "PriceT": 95209.89,
      "PriceLimitT1": 0.08,
      "PriceT1": 85688.9,
      "PriceLimitT2": 0.16,
      "PriceT2": 76167.91,
      "PriceM": 27597.07,
      "PriceLimitM1": 0.276,
      "PriceM1": 24837.36,
      "PriceLimitM2": 0.552,
      "PriceM2": 22077.66,
      "NDS": 20
    },
    {
      "ID": "10065",
      "IDStock": "881fcb8e-26d4-467a-be21-f0f877e77c99",
      "PriceT": 3898.22,
      "PriceLimitT1": 0.23,
      "PriceT1": 3508.4,
      "PriceLimitT2": 0.46,
      "PriceT2": 3118.58,
      "PriceM": 797.182,
      "PriceLimitM1": 1.125,
      "PriceM1": 717.464,
      "PriceLimitM2": 2.249,
      "PriceM2": 637.746,
      "NDS": 20
    },
    {
      "ID": "10066",
      "IDStock": "4086fbbc-8dc9-418d-8de9-7d65ccab24a0",
      "PriceT": 57875.02,
      "PriceLimitT1": 8.0,
      "PriceT1": 52087.52,
      "PriceLimitT2": 16.0,
      "PriceT2": 46300.02,
      "PriceM": 13459.31,
      "PriceLimitM1": 34.4,
      "PriceM1": 12113.38,
      "PriceLimitM2": 68.8,
      "PriceM2": 10767.45,
      "NDS": 20
    },
    {
      "ID": "10067",
      "IDStock": "7ea241c8-a1a2-4094-b57b-f814b9eea821",
      "PriceT": 58696.68,
      "PriceLimitT1": 0.12,
      "PriceT1": 52827.01,
      "PriceLimitT2": 0.24,
      "PriceT2": 46957.34,
      "PriceM": 12677.47,
      "PriceLimitM1": 0.556,
      "PriceM1": 11409.72,
      "PriceLimitM2": 1.111,
      "PriceM2": 10141.97,
      "NDS": 20
    },
    {
      "ID": "10068",
      "IDStock": "881fcb8e-26d4-467a-be21-f0f877e77c99",
      "PriceT": 64267.26,
      "PriceLimitT1": 8.0,
      "PriceT1": 57840.53,
      "PriceLimitT2": 16.0,
      "PriceT2": 51413.81,
      "PriceM": 9409.555,
      "PriceLimitM1": 54.64,
      "PriceM1": 8468.599,
      "PriceLimitM2": 109.28,
      "PriceM2": 7527.644,
      "NDS": 20
    },
    {
      "ID": "10069",
      "IDStock": "055228a9-0eaf-42a6-b259-1fe69d19865e",
      "PriceT": 87275.96,
      "PriceLimitT1": 5.39,
      "PriceT1": 78548.36,
      "PriceLimitT2": 10.78,
      "PriceT2": 69820.77,
      "PriceM": 32324.43,
      "PriceLimitM1": 14.553,
      "PriceM1": 29091.99,
      "PriceLimitM2": 29.106,
      "PriceM2": 25859.54,
      "NDS": 20
    },
    {
      "ID": "10070",
      "IDStock": "7ea241c8-a1a2-4094-b57b-f814b9eea821",
      "PriceT": 18634.66,
      "PriceLimitT1": 6.03,
      "PriceT1": 16771.19,
      "PriceLimitT2": 12.06,
      "PriceT2": 14907.73,
      "PriceM": 39648.21,
      "PriceLimitM1": 2.834,
      "PriceM1": 35683.39,
      "PriceLimitM2": 5.668,
      "PriceM2": 31718.57,
      "NDS": 20
    },
    {
      "ID": "10071",
      "IDStock": "055228a9-0eaf-42a6-b259-1fe69d19865e",
      "PriceT": 75915.37,
      "PriceLimitT1": 1.8,
      "PriceT1": 68323.83,
      "PriceLimitT2": 3.6,
      "PriceT2": 60732.3,
      "PriceM": 28432.72,
      "PriceLimitM1": 4.806,
      "PriceM1": 25589.45,
      "PriceLimitM2": 9.612,
      "PriceM2": 22746.18,
      "NDS": 20
    },
    {
      "ID": "10072",
      "IDStock": "c90165d4-835c-44e0-a79a-661fc4ebcec1",
      "PriceT": 76787.76,
      "PriceLimitT1": 3.68,
      "PriceT1": 69108.98,
      "PriceLimitT2": 7.36,
      "PriceT2": 61430.21,
      "PriceM": 11495.17,
      "PriceLimitM1": 24.582,
      "PriceM1": 10345.66,
      "PriceLimitM2": 49.165,
      "PriceM2": 9196.139,
      "NDS": 20
    },
    {
      "ID": "10073",
      "IDStock": "c90165d4-835c-44e0-a79a-661fc4ebcec1",
      "PriceT": 37456.69,
      "PriceLimitT1": 2.97,
      "PriceT1": 33711.02,
      "PriceLimitT2": 5.94,
      "PriceT2": 29965.35,
      "PriceM": 4896.299,
      "PriceLimitM1": 22.721,
      "PriceM1": 4406.669,
      "PriceLimitM2": 45.441,
      "PriceM2": 3917.039,
      "NDS": 20
    },
    {
      "ID": "10074",
      "IDStock": "c90165d4-835c-44e0-a79a-661fc4ebcec1",
      "PriceT": 96099.62,
      "PriceLimitT1": 0.56,
      "PriceT1": 86489.66,
      "PriceLimitT2": 1.12,
      "PriceT2": 76879.7,
      "PriceM": 24267.58,
      "PriceLimitM1": 2.218,
      "PriceM1": 21840.82,
      "PriceLimitM2": 4.435,
      "PriceM2": 19414.06,
      "NDS": 20
    },
    {
      "ID": "10075",
      "IDStock": "055228a9-0eaf-42a6-b259-1fe69d19865e",
      "PriceT": 61304.22,
      "PriceLimitT1": 1.84,
      "PriceT1": 55173.8,
      "PriceLimitT2": 3.68,
      "PriceT2": 49043.38,
      "PriceM": 11676.99,
      "PriceLimitM1": 9.66,
      "PriceM1": 10509.29,
      "PriceLimitM2": 19.32,
      "PriceM2": 9341.595,
      "NDS": 20
    },
    {
      "ID": "10076",
      "IDStock": "7ea241c8-a1a2-4094-b57b-f814b9eea821",
      "PriceT": 85505.78,
      "PriceLimitT1": 0.45,
      "PriceT1": 76955.2,
      "PriceLimitT2": 0.9,
      "PriceT2": 68404.62,
      "PriceM": 30214.06,
      "PriceLimitM1": 1.274,
      "PriceM1": 27192.65,
      "PriceLimitM2": 2.547,
      "PriceM2": 24171.25,
      "NDS": 20
    },
    {
      "ID": "10077",
      "IDStock": "c90165d4-835c-44e0-a79a-661fc4ebcec1",
      "PriceT": 63424.76,
      "PriceLimitT1": 6.93,
      "PriceT1": 57082.28,
      "PriceLimitT2": 13.86,
      "PriceT2": 50739.81,
      "PriceM": 23843.89,
      "PriceLimitM1": 18.434,
      "PriceM1": 21459.51,
      "PriceLimitM2": 36.868,
      "PriceM2": 19075.12,
      "NDS": 20
    },
    {
      "ID": "10078",
      "IDStock": "881fcb8e-26d4-467a-be21-f0f877e77c99",
      "PriceT": 55504.28,
      "PriceLimitT1": 2.1,
      "PriceT1": 49953.85,
      "PriceLimitT2": 4.2,
      "PriceT2": 44403.42,
      "PriceM": 66076.52,
      "PriceLimitM1": 1.764,
      "PriceM1": 59468.87,
      "PriceLimitM2": 3.528,
      "PriceM2": 52861.22,
      "NDS": 20
    },
    {
      "ID": "10079",
      "IDStock": "c90165d4-835c-44e0-a79a-661fc4ebcec1",
      "PriceT": 36347.61,
      "PriceLimitT1": 2.08,
      "PriceT1": 32712.85,
      "PriceLimitT2": 4.16,
      "PriceT2": 29078.09,
      "PriceM": 23450.07,
      "PriceLimitM1": 3.224,
      "PriceM1": 21105.06,
      "PriceLimitM2": 6.448,
      "PriceM2": 18760.06,
      "NDS": 20
    },
    {
      "ID": "10080",
      "IDStock": "c90165d4-835c-44e0-a79a-661fc4ebcec1",
      "PriceT": 68155.68,
      "PriceLimitT1": 7.04,
      "PriceT1": 61340.11,
      "PriceLimitT2": 14.08,
      "PriceT2": 54524.54,
      "PriceM": 9003.392,
      "PriceLimitM1": 53.293,
      "PriceM1": 8103.053,
      "PriceLimitM2": 106.586,
      "PriceM2": 7202.714,
      "NDS": 20
    },
    {
      "ID": "10081",
      "IDStock": "c90165d4-835c-44e0-a79a-661fc4ebcec1",
      "PriceT": 99164.56,
      "PriceLimitT1": 1.53,
      "PriceT1": 89248.1,
      "PriceLimitT2": 3.06,
      "PriceT2": 79331.65,
      "PriceM": 31282.2,
      "PriceLimitM1": 4.85,
      "PriceM1": 28153.98,
      "PriceLimitM2": 9.7,
      "PriceM2": 25025.76,
      "NDS": 20
    },
    {
      "ID": "10082",
      "IDStock": "055228a9-0eaf-42a6-b259-1fe69d19865e",
      "PriceT": 87083.01,
      "PriceLimitT1": 3.72,
      "PriceT1": 78374.71,
      "PriceLimitT2": 7.44,
      "PriceT2": 69666.41,
      "PriceM": 9033.507,
      "PriceLimitM1": 35.861,
      "PriceM1": 8130.157,
      "PriceLimitM2": 71.722,
      "PriceM2": 7226.806,
      "NDS": 20
    },
    {
      "ID": "10083",
      "IDStock": "881fcb8e-26d4-467a-be21-f0f877e77c99",
      "PriceT": 47529.92,
      "PriceLimitT1": 3.84,
      "PriceT1": 42776.93,
      "PriceLimitT2": 7.68,
      "PriceT2": 38023.94,
      "PriceM": 14624.59,
      "PriceLimitM1": 12.48,
      "PriceM1": 13162.13,
      "PriceLimitM2": 24.96,
      "PriceM2": 11699.67,
      "NDS": 20
    },
    {
      "ID": "10084",
      "IDStock": "c90165d4-835c-44e0-a79a-661fc4ebcec1",
      "PriceT": 27471.83,
      "PriceLimitT1": 2.45,
      "PriceT1": 24724.65,
      "PriceLimitT2": 4.9,
      "PriceT2": 21977.46,
      "PriceM": 4819.619,
      "PriceLimitM1": 13.965,
      "PriceM1": 4337.657,
      "PriceLimitM2": 27.93,
      "PriceM2": 3855.695,
      "NDS": 20
    },
    {
      "ID": "10085",
      "IDStock": "7ea241c8-a1a2-4094-b57b-f814b9eea821",
      "PriceT": 3660.47,
      "PriceLimitT1": 0.12,
      "PriceT1": 3294.42,
      "PriceLimitT2": 0.24,
      "PriceT2": 2928.38,
      "PriceM": 515.559,
      "PriceLimitM1": 0.852,
      "PriceM1": 464.003,
      "PriceLimitM2": 1.704,
      "PriceM2": 412.447,
      "NDS": 20
    },
    {
      "ID": "10086",
      "IDStock": "4086fbbc-8dc9-418d-8de9-7d65ccab24a0",
      "PriceT": 6070.19,
      "PriceLimitT1": 3.24,
      "PriceT1": 5463.17,
      "PriceLimitT2": 6.48,
      "PriceT2": 4856.15,
      "PriceM": 4244.888,
      "PriceLimitM1": 4.633,
      "PriceM1": 3820.399,
      "PriceLimitM2": 9.266,
      "PriceM2": 3395.91,
      "NDS": 20
    },
    {
      "ID": "10087",
      "IDStock": "881fcb8e-26d4-467a-be21-f0f877e77c99",
      "PriceT": 66335.52,
      "PriceLimitT1": 3.84,
      "PriceT1": 59701.97,
      "PriceLimitT2": 7.68,
      "PriceT2": 53068.42,
      "PriceM": 14643.6,
      "PriceLimitM1": 17.395,
      "PriceM1": 13179.24,
      "PriceLimitM2": 34.79,
      "PriceM2": 11714.88,
      "NDS": 20
    },
    {
      "ID": "10088",
      "IDStock": "7ea241c8-a1a2-4094-b57b-f814b9eea821",
      "PriceT": 91188.63,
      "PriceLimitT1": 0.71,
      "PriceT1": 82069.77,
      "PriceLimitT2": 1.42,
      "PriceT2": 72950.9,
      "PriceM": 20085.6,
      "PriceLimitM1": 3.223,
      "PriceM1": 18077.04,
      "PriceLimitM2": 6.447,
      "PriceM2": 16068.48,
      "NDS": 20
    },
    {
      "ID": "10089",
      "IDStock": "881fcb8e-26d4-467a-be21-f0f877e77c99",
      "PriceT": 60896.86,
      "PriceLimitT1": 5.84,
      "PriceT1": 54807.17,
      "PriceLimitT2": 11.68,
      "PriceT2": 48717.49,
      "PriceM": 12453.35,
      "PriceLimitM1": 28.558,
      "PriceM1": 11208.01,
      "PriceLimitM2": 57.115,
      "PriceM2": 9962.676,
      "NDS": 20
    },
    {
      "ID": "10090",
      "IDStock": "c90165d4-835c-44e0-a79a-661fc4ebcec1",
      "PriceT": 52700.19,
      "PriceLimitT1": 3.15,
      "PriceT1": 47430.17,
      "PriceLimitT2": 6.3,
      "PriceT2": 42160.15,
      "PriceM": 5399.61,
      "PriceLimitM1": 30.744,
      "PriceM1": 4859.649,
      "PriceLimitM2": 61.488,
      "PriceM2": 4319.688,
      "NDS": 20
    },
    {
      "ID": "10091",
      "IDStock": "881fcb8e-26d4-467a-be21-f0f877e77c99",
      "PriceT": 89248.78,
      "PriceLimitT1": 2.19,
      "PriceT1": 80323.9,
      "PriceLimitT2": 4.38,
      "PriceT2": 71399.02,
      "PriceM": 43324.65,
      "PriceLimitM1": 4.511,
      "PriceM1": 38992.19,
      "PriceLimitM2": 9.023,
      "PriceM2": 34659.72,
      "NDS": 20
    },
    {
      "ID": "10092",
      "IDStock": "055228a9-0eaf-42a6-b259-1fe69d19865e",
      "PriceT": 12040.43,
      "PriceLimitT1": 5.9,
      "PriceT1": 10836.39,
      "PriceLimitT2": 11.8,
      "PriceT2": 9632.34,
      "PriceM": 3103.204,
      "PriceLimitM1": 22.892,
      "PriceM1": 2792.883,
      "PriceLimitM2": 45.784,
      "PriceM2": 2482.563,
      "NDS": 20
    },
    {
      "ID": "10093",
      "IDStock": "881fcb8e-26d4-467a-be21-f0f877e77c99",
      "PriceT": 79858.09,
      "PriceLimitT1": 0.84,
      "PriceT1": 71872.28,
      "PriceLimitT2": 1.68,
      "PriceT2": 63886.47,
      "PriceM": 8441.659,
      "PriceLimitM1": 7.946,
      "PriceM1": 7597.493,
      "PriceLimitM2": 15.893,
      "PriceM2": 6753.327,
      "NDS": 20
    },
    {
      "ID": "10094",
      "IDStock": "7ea241c8-a1a2-4094-b57b-f814b9eea821",
      "PriceT": 92207.39,
      "PriceLimitT1": 3.76,
      "PriceT1": 82986.65,
      "PriceLimitT2": 7.52,
      "PriceT2": 73765.91,
      "PriceM": 133633.9,
      "PriceLimitM1": 2.594,
      "PriceM1": 120270.5,
      "PriceLimitM2": 5.189,
      "PriceM2": 106907.1,
      "NDS": 20
    },
    {
      "ID": "10095",
      "IDStock": "7ea241c8-a1a2-4094-b57b-f814b9eea821",
      "PriceT": 37754.09,
      "PriceLimitT1": 0.04,
      "PriceT1": 33978.68,
      "PriceLimitT2": 0.08,
      "PriceT2": 30203.27,
      "PriceM": 7505.783,
      "PriceLimitM1": 0.201,
      "PriceM1": 6755.205,
      "PriceLimitM2": 0.402,
      "PriceM2": 6004.627,
      "NDS": 20
    },
    {
      "ID": "10096",
      "IDStock": "881fcb8e-26d4-467a-be21-f0f877e77c99",
      "PriceT": 67761.62,
      "PriceLimitT1": 4.4,
      "PriceT1": 60985.46,
      "PriceLimitT2": 8.8,
      "PriceT2": 54209.3,
      "PriceM": 11237.42,
      "PriceLimitM1": 26.532,
      "PriceM1": 10113.67,
      "PriceLimitM2": 53.064,
      "PriceM2": 8989.933,
      "NDS": 20
    },
    {
      "ID": "10097",
      "IDStock": "4086fbbc-8dc9-418d-8de9-7d65ccab24a0",
      "PriceT": 94528.56,
      "PriceLimitT1": 5.28,
      "PriceT1": 85075.7,
      "PriceLimitT2": 10.56,
      "PriceT2": 75622.85,
      "PriceM": 15124.57,
      "PriceLimitM1": 33.0,
      "PriceM1": 13612.11,
      "PriceLimitM2": 66.0,
      "PriceM2": 12099.66,
      "NDS": 20
    },
    {
      "ID": "10098",
      "IDStock": "055228a9-0eaf-42a6-b259-1fe69d19865e",
      "PriceT": 14826.16,
      "PriceLimitT1": 6.48,
      "PriceT1": 13343.54,
      "PriceLimitT2": 12.96,
      "PriceT2": 11860.93,
      "PriceM": 5352.404,
      "PriceLimitM1": 17.95,
      "PriceM1": 4817.164,
      "PriceLimitM2": 35.899,
      "PriceM2": 4281.923,
      "NDS": 20
    },
    {
      "ID": "10099",
      "IDStock": "055228a9-0eaf-42a6-b259-1fe69d19865e",
      "PriceT": 58335.81,
      "PriceLimitT1": 2.88,
      "PriceT1": 52502.23,
      "PriceLimitT2": 5.76,
      "PriceT2": 46668.65,
      "PriceM": 11393.71,
      "PriceLimitM1": 14.746,
      "PriceM1": 10254.34,
      "PriceLimitM2": 29.491,
      "PriceM2": 9114.97,
      "NDS": 20
    },
    {
      "ID": "10100",
      "IDStock": "c90165d4-835c-44e0-a79a-661fc4ebcec1",
      "PriceT": 61086.57,
      "PriceLimitT1": 7.38,
      "PriceT1": 54977.91,
      "PriceLimitT2": 14.76,
      "PriceT2": 48869.26,
      "PriceM": 10532.17,
      "PriceLimitM1": 42.804,
      "PriceM1": 9478.951,
      "PriceLimitM2": 85.608,
      "PriceM2": 8425.734,
      "NDS": 20
    },
    {
      "ID": "10101",
      "IDStock": "7ea241c8-a1a2-4094-b57b-f814b9eea821",
      "PriceT": 63892.63,
      "PriceLimitT1": 2.88,
      "PriceT1": 57503.37,
      "PriceLimitT2": 5.76,
      "PriceT2": 51114.1,
      "PriceM": 20029.04,
      "PriceLimitM1": 9.187,
      "PriceM1": 18026.13,
      "PriceLimitM2": 18.374,
      "PriceM2": 16023.23,
      "NDS": 20
    },
    {
      "ID": "10102",
      "IDStock": "7ea241c8-a1a2-4094-b57b-f814b9eea821",
      "PriceT": 35790.88,
      "PriceLimitT1": 3.25,
      "PriceT1": 32211.79,
      "PriceLimitT2": 6.5,
      "PriceT2": 28632.7,
      "PriceM": 5076.721,
      "PriceLimitM1": 22.913,
      "PriceM1": 4569.049,
      "PriceLimitM2": 45.825,
      "PriceM2": 4061.376,
      "NDS": 20
    },
    {
      "ID": "10103",
      "IDStock": "c90165d4-835c-44e0-a79a-661fc4ebcec1",
      "PriceT": 22478.32,
      "PriceLimitT1": 3.4,
      "PriceT1": 20230.49,
      "PriceLimitT2": 6.8,
      "PriceT2": 17982.66,
      "PriceM": 3452.891,
      "PriceLimitM1": 22.134,
      "PriceM1": 3107.602,
      "PriceLimitM2": 44.268,
      "PriceM2": 2762.313,
      "NDS": 20
    },
    {
      "ID": "10104",
      "IDStock": "055228a9-0eaf-42a6-b259-1fe69d19865e",
      "PriceT": 19749.65,
      "PriceLimitT1": 4.77,
      "PriceT1": 17774.69,
      "PriceLimitT2": 9.54,
      "PriceT2": 15799.72,
      "PriceM": 40305.41,
      "PriceLimitM1": 2.337,
      "PriceM1": 36274.87,
      "PriceLimitM2": 4.675,
      "PriceM2": 32244.33,
      "NDS": 20
    },
    {
      "ID": "10105",
      "IDStock": "c90165d4-835c-44e0-a79a-661fc4ebcec1",
      "PriceT": 71934.68,
      "PriceLimitT1": 6.37,
      "PriceT1": 64741.21,
      "PriceLimitT2": 12.74,
      "PriceT2": 57547.74,
      "PriceM": 104253.2,
      "PriceLimitM1": 4.395,
      "PriceM1": 93827.84,
      "PriceLimitM2": 8.791,
      "PriceM2": 83402.53,
      "NDS": 20
    },
    {
      "ID": "10106",
      "IDStock": "881fcb8e-26d4-467a-be21-f0f877e77c99",
      "PriceT": 95335.92,
      "PriceLimitT1": 6.7,
      "PriceT1": 85802.33,
      "PriceLimitT2": 13.4,
      "PriceT2": 76268.74,
      "PriceM": 13446.53,
      "PriceLimitM1": 47.503,
      "PriceM1": 12101.88,
      "PriceLimitM2": 95.006,
      "PriceM2": 10757.23,
      "NDS": 20
    },
    {
      "ID": "10107",
      "IDStock": "881fcb8e-26d4-467a-be21-f0f877e77c99",
      "PriceT": 26666.0,
      "PriceLimitT1": 0.65,
      "PriceT1": 23999.4,
      "PriceLimitT2": 1.3,
      "PriceT2": 21332.8,
      "PriceM": 4542.76,
      "PriceLimitM1": 3.816,
      "PriceM1": 4088.484,
      "PriceLimitM2": 7.631,
      "PriceM2": 3634.208,
      "NDS": 20
    },
    {
      "ID": "10108",
      "IDStock": "055228a9-0eaf-42a6-b259-1fe69d19865e",
      "PriceT": 96485.24,
      "PriceLimitT1": 2.56,
      "PriceT1": 86836.72,
      "PriceLimitT2": 5.12,
      "PriceT2": 77188.19,
      "PriceM": 9745.984,
      "PriceLimitM1": 25.344,
      "PriceM1": 8771.385,
      "PriceLimitM2": 50.688,
      "PriceM2": 7796.787,
      "NDS": 20
    },
    {
      "ID": "10109",
      "IDStock": "881fcb8e-26d4-467a-be21-f0f877e77c99",
      "PriceT": 27639.09,
      "PriceLimitT1": 4.34,
      "PriceT1": 24875.18,
      "PriceLimitT2": 8.68,
      "PriceT2": 22111.27,
      "PriceM": 16163.21,
      "PriceLimitM1": 7.421,
      "PriceM1": 14546.89,
      "PriceLimitM2": 14.843,
      "PriceM2": 12930.57,
      "NDS": 20
    },
    {
      "ID": "10110",
      "IDStock": "7ea241c8-a1a2-4094-b57b-f814b9eea821",
      "PriceT": 58695.66,
      "PriceLimitT1": 3.8,
      "PriceT1": 52826.09,
      "PriceLimitT2": 7.6,
      "PriceT2": 46956.53,
      "PriceM": 6558.174,
      "PriceLimitM1": 34.01,
      "PriceM1": 5902.357,
      "PriceLimitM2": 68.02,
      "PriceM2": 5246.539,
      "NDS": 20
    },
    {
      "ID": "10111",
      "IDStock": "7ea241c8-a1a2-4094-b57b-f814b9eea821",
      "PriceT": 92383.22,
      "PriceLimitT1": 1.8,
      "PriceT1": 83144.9,
      "PriceLimitT2": 3.6,
      "PriceT2": 73906.58,
      "PriceM": 38654.07,
      "PriceLimitM1": 4.302,
      "PriceM1": 34788.66,
      "PriceLimitM2": 8.604,
      "PriceM2": 30923.25,
      "NDS": 20
    },
    {
      "ID": "10112",
      "IDStock": "7ea241c8-a1a2-4094-b57b-f814b9eea821",
      "PriceT": 69027.72,
      "PriceLimitT1": 0.45,
      "PriceT1": 62124.95,
      "PriceLimitT2": 0.9,
      "PriceT2": 55222.18,
      "PriceM": 10887.65,
      "PriceLimitM1": 2.853,
      "PriceM1": 9798.888,
      "PriceLimitM2": 5.706,
      "PriceM2": 8710.122,
      "NDS": 20
    },
    {
      "ID": "10113",
      "IDStock": "881fcb8e-26d4-467a-be21-f0f877e77c99",
      "PriceT": 64990.22,
      "PriceLimitT1": 1.84,
      "PriceT1": 58491.2,
      "PriceLimitT2": 3.68,
      "PriceT2": 51992.18,
      "PriceM": 39388.01,
      "PriceLimitM1": 3.036,
      "PriceM1": 35449.21,
      "PriceLimitM2": 6.072,
      "PriceM2": 31510.41,
      "NDS": 20
    },
    {
      "ID": "10114",
      "IDStock": "055228a9-0eaf-42a6-b259-1fe69d19865e",
      "PriceT": 16104.47,
      "PriceLimitT1": 0.93,
      "PriceT1": 14494.02,
      "PriceLimitT2": 1.86,
      "PriceT2": 12883.58,
      "PriceM": 13647.86,
      "PriceLimitM1": 1.097,
      "PriceM1": 12283.07,
      "PriceLimitM2": 2.195,
      "PriceM2": 10918.28,
      "NDS": 20
    },
    {
      "ID": "10115",
      "IDStock": "4086fbbc-8dc9-418d-8de9-7d65ccab24a0",
      "PriceT": 66114.36,
      "PriceLimitT1": 1.98,
      "PriceT1": 59502.92,
      "PriceLimitT2": 3.96,
      "PriceT2": 52891.49,
      "PriceM": 8530.885,
      "PriceLimitM1": 15.345,
      "PriceM1": 7677.797,
      "PriceLimitM2": 30.69,
      "PriceM2": 6824.708,
      "NDS": 20
    },
    {
      "ID": "10116",
      "IDStock": "881fcb8e-26d4-467a-be21-f0f877e77c99",
      "PriceT": 40111.45,
      "PriceLimitT1": 4.77,
      "PriceT1": 36100.31,
      "PriceLimitT2": 9.54,
      "PriceT2": 32089.16,
      "PriceM": 8682.132,
      "PriceLimitM1": 22.037,
      "PriceM1": 7813.919,
      "PriceLimitM2": 44.075,
      "PriceM2": 6945.706,
      "NDS": 20
    },
    {
      "ID": "10117",
      "IDStock": "055228a9-0eaf-42a6-b259-1fe69d19865e",
      "PriceT": 42972.45,
      "PriceLimitT1": 0.45,
      "PriceT1": 38675.21,
      "PriceLimitT2": 0.9,
      "PriceT2": 34377.96,
      "PriceM": 5079.486,
      "PriceLimitM1": 3.807,
      "PriceM1": 4571.537,
      "PriceLimitM2": 7.614,
      "PriceM2": 4063.589,
      "NDS": 20
    },
    {
      "ID": "10118",
      "IDStock": "055228a9-0eaf-42a6-b259-1fe69d19865e",
      "PriceT": 82796.72,
      "PriceLimitT1": 1.8,
      "PriceT1": 74517.05,
      "PriceLimitT2": 3.6,
      "PriceT2": 66237.38,
      "PriceM": 17142.18,
      "PriceLimitM1": 8.694,
      "PriceM1": 15427.96,
      "PriceLimitM2": 17.388,
      "PriceM2": 13713.74,
      "NDS": 20
    },
    {
      "ID": "10119",
      "IDStock": "7ea241c8-a1a2-4094-b57b-f814b9eea821",
      "PriceT": 19343.79,
      "PriceLimitT1": 1.5,
      "PriceT1": 17409.41,
      "PriceLimitT2": 3.0,
      "PriceT2": 15475.03,
      "PriceM": 3160.75,
      "PriceLimitM1": 9.18,
      "PriceM1": 2844.675,
      "PriceLimitM2": 18.36,
      "PriceM2": 2528.6,
      "NDS": 20
    },
    {
      "ID": "10120",
      "IDStock": "7ea241c8-a1a2-4094-b57b-f814b9eea821",
      "PriceT": 37470.82,
      "PriceLimitT1": 6.8,
      "PriceT1": 33723.74,
      "PriceLimitT2": 13.6,
      "PriceT2": 29976.66,
      "PriceM": 18458.53,
      "PriceLimitM1": 13.804,
      "PriceM1": 16612.68,
      "PriceLimitM2": 27.608,
      "PriceM2": 14766.83,
      "NDS": 20
    },
    {
      "ID": "10121",
      "IDStock": "055228a9-0eaf-42a6-b259-1fe69d19865e",
      "PriceT": 45570.16,
      "PriceLimitT1": 1.89,
      "PriceT1": 41013.14,
      "PriceLimitT2": 3.78,
      "PriceT2": 36456.13,
      "PriceM": 17800.84,
      "PriceLimitM1": 4.838,
      "PriceM1": 16020.76,
      "PriceLimitM2": 9.677,
      "PriceM2": 14240.68,
      "NDS": 20
    },
    {
      "ID": "10122",
      "IDStock": "7ea241c8-a1a2-4094-b57b-f814b9eea821",
      "PriceT": 99006.8,
      "PriceLimitT1": 6.93,
      "PriceT1": 89106.12,
      "PriceLimitT2": 13.86,
      "PriceT2": 79205.44,
      "PriceM": 28614.68,
      "PriceLimitM1": 23.978,
      "PriceM1": 25753.21,
      "PriceLimitM2": 47.956,
      "PriceM2": 22891.75,
      "NDS": 20
    },
    {
      "ID": "10123",
      "IDStock": "4086fbbc-8dc9-418d-8de9-7d65ccab24a0",
      "PriceT": 48555.88,
      "PriceLimitT1": 0.36,
      "PriceT1": 43700.29,
      "PriceLimitT2": 0.72,
      "PriceT2": 38844.7,
      "PriceM": 11616.24,
      "PriceLimitM1": 1.505,
      "PriceM1": 10454.62,
      "PriceLimitM2": 3.01,
      "PriceM2": 9292.991,
      "NDS": 20
    },
    {
      "ID": "10124",
      "IDStock": "881fcb8e-26d4-467a-be21-f0f877e77c99",
      "PriceT": 13840.2,
      "PriceLimitT1": 7.6,
      "PriceT1": 12456.18,
      "PriceLimitT2": 15.2,
      "PriceT2": 11072.16,
      "PriceM": 1649.607,
      "PriceLimitM1": 63.764,
      "PriceM1": 1484.646,
      "PriceLimitM2": 127.528,
      "PriceM2": 1319.685,
      "NDS": 20
    },
    {
      "ID": "10125",
      "IDStock": "4086fbbc-8dc9-418d-8de9-7d65ccab24a0",
      "PriceT": 81767.73,
      "PriceLimitT1": 1.38,
      "PriceT1": 73590.96,
      "PriceLimitT2": 2.76,
      "PriceT2": 65414.18,
      "PriceM": 11867.6,
      "PriceLimitM1": 9.508,
      "PriceM1": 10680.84,
      "PriceLimitM2": 19.016,
      "PriceM2": 9494.076,
      "NDS": 20
    },
    {
      "ID": "10126",
      "IDStock": "c90165d4-835c-44e0-a79a-661fc4ebcec1",
      "PriceT": 29969.08,
      "PriceLimitT1": 0.54,
      "PriceT1": 26972.17,
      "PriceLimitT2": 1.08,
      "PriceT2": 23975.26,
      "PriceM": 9605.474,
      "PriceLimitM1": 1.685,
      "PriceM1": 8644.927,
      "PriceLimitM2": 3.37,
      "PriceM2": 7684.379,
      "NDS": 20
    },
    {
      "ID": "10127",
      "IDStock": "881fcb8e-26d4-467a-be21-f0f877e77c99",
      "PriceT": 75235.02,
      "PriceLimitT1": 3.08,
      "PriceT1": 67711.52,
      "PriceLimitT2": 6.16,
      "PriceT2": 60188.02,
      "PriceM": 67174.13,
      "PriceLimitM1": 3.45,
      "PriceM1": 60456.71,
      "PriceLimitM2": 6.899,
      "PriceM2": 53739.3,
      "NDS": 20
    },
    {
      "ID": "10128",
      "IDStock": "7ea241c8-a1a2-4094-b57b-f814b9eea821",
      "PriceT": 46953.97,
      "PriceLimitT1": 5.94,
      "PriceT1": 42258.57,
      "PriceLimitT2": 11.88,
      "PriceT2": 37563.18,
      "PriceM": 7838.726,
      "PriceLimitM1": 35.581,
      "PriceM1": 7054.854,
      "PriceLimitM2": 71.161,
      "PriceM2": 6270.981,
      "NDS": 20
    },
    {
      "ID": "10129",
      "IDStock": "4086fbbc-8dc9-418d-8de9-7d65ccab24a0",
      "PriceT": 85549.53,
      "PriceLimitT1": 1.55,
      "PriceT1": 76994.58,
      "PriceLimitT2": 3.1,
      "PriceT2": 68439.62,
      "PriceM": 12452.62,
      "PriceLimitM1": 10.649,
      "PriceM1": 11207.36,
      "PriceLimitM2": 21.297,
      "PriceM2": 9962.1,
      "NDS": 20
    },
    {
      "ID": "10130",
      "IDStock": "055228a9-0eaf-42a6-b259-1fe69d19865e",
      "PriceT": 65917.93,
      "PriceLimitT1": 2.7,
      "PriceT1": 59326.14,
      "PriceLimitT2": 5.4,
      "PriceT2": 52734.34,
      "PriceM": 27813.47,
      "PriceLimitM1": 6.399,
      "PriceM1": 25032.13,
      "PriceLimitM2": 12.798,
      "PriceM2": 22250.78,
      "NDS": 20
    },
    {
      "ID": "10131",
      "IDStock": "7ea241c8-a1a2-4094-b57b-f814b9eea821",
      "PriceT": 45865.57,
      "PriceLimitT1": 3.0,
      "PriceT1": 41279.01,
      "PriceLimitT2": 6.0,
      "PriceT2": 36692.46,
      "PriceM": 5320.832,
      "PriceLimitM1": 25.86,
      "PriceM1": 4788.749,
      "PriceLimitM2": 51.72,
      "PriceM2": 4256.665,
      "NDS": 20
    },
    {
      "ID": "10132",
      "IDStock": "c90165d4-835c-44e0-a79a-661fc4ebcec1",
      "PriceT": 39546.5,
      "PriceLimitT1": 1.11,
      "PriceT1": 35591.85,
      "PriceLimitT2": 2.22,
      "PriceT2": 31637.2,
      "PriceM": 4098.083,
      "PriceLimitM1": 10.711,
      "PriceM1": 3688.275,
      "PriceLimitM2": 21.423,
      "PriceM2": 3278.466,
      "NDS": 20
    },
    {
      "ID": "10133",
      "IDStock": "7ea241c8-a1a2-4094-b57b-f814b9eea821",
      "PriceT": 15899.93,
      "PriceLimitT1": 0.91,
      "PriceT1": 14309.94,
      "PriceLimitT2": 1.82,
      "PriceT2": 12719.94,
      "PriceM": 36976.58,
      "PriceLimitM1": 0.391,
      "PriceM1": 33278.92,
      "PriceLimitM2": 0.783,
      "PriceM2": 29581.27,
      "NDS": 20
    },
    {
      "ID": "10134",
      "IDStock": "c90165d4-835c-44e0-a79a-661fc4ebcec1",
      "PriceT": 22087.72,
      "PriceLimitT1": 0.5,
      "PriceT1": 19878.95,
      "PriceLimitT2": 1.0,
      "PriceT2": 17670.18,
      "PriceM": 9730.273,
      "PriceLimitM1": 1.135,
      "PriceM1": 8757.246,
      "PriceLimitM2": 2.27,
      "PriceM2": 7784.219,
      "NDS": 20
    },
    {
      "ID": "10135",
      "IDStock": "c90165d4-835c-44e0-a79a-661fc4ebcec1",
      "PriceT": 31931.91,
      "PriceLimitT1": 5.58,
      "PriceT1": 28738.72,
      "PriceLimitT2": 11.16,
      "PriceT2": 25545.53,
      "PriceM": 37566.95,
      "PriceLimitM1": 4.743,
      "PriceM1": 33810.26,
      "PriceLimitM2": 9.486,
      "PriceM2": 30053.56,
      "NDS": 20
    },
    {
      "ID": "10136",
      "IDStock": "7ea241c8-a1a2-4094-b57b-f814b9eea821",
      "PriceT": 19352.16,
      "PriceLimitT1": 1.78,
      "PriceT1": 17416.94,
      "PriceLimitT2": 3.56,
      "PriceT2": 15481.73,
      "PriceM": 2901.373,
      "PriceLimitM1": 11.873,
      "PriceM1": 2611.236,
      "PriceLimitM2": 23.745,
      "PriceM2": 2321.099,
      "NDS": 20
    },
    {
      "ID": "10137",
      "IDStock": "c90165d4-835c-44e0-a79a-661fc4ebcec1",
      "PriceT": 56803.3,
      "PriceLimitT1": 3.3,
      "PriceT1": 51122.97,
      "PriceLimitT2": 6.6,
      "PriceT2": 45442.64,
      "PriceM": 7100.413,
      "PriceLimitM1": 26.4,
      "PriceM1": 6390.371,
      "PriceLimitM2": 52.8,
      "PriceM2": 5680.33,
      "NDS": 20
    },
    {
      "ID": "10138",
      "IDStock": "4086fbbc-8dc9-418d-8de9-7d65ccab24a0",
      "PriceT": 38712.84,
      "PriceLimitT1": 0.7,
      "PriceT1": 34841.56,
      "PriceLimitT2": 1.4,
      "PriceT2": 30970.27,
      "PriceM": 6086.925,
      "PriceLimitM1": 4.452,
      "PriceM1": 5478.232,
      "PriceLimitM2": 8.904,
      "PriceM2": 4869.54,
      "NDS": 20
    },
    {
      "ID": "10139",
      "IDStock": "881fcb8e-26d4-467a-be21-f0f877e77c99",
      "PriceT": 29918.41,
      "PriceLimitT1": 0.63,
      "PriceT1": 26926.57,
      "PriceLimitT2": 1.26,
      "PriceT2": 23934.73,
      "PriceM": 6648.536,
      "PriceLimitM1": 2.835,
      "PriceM1": 5983.682,
      "PriceLimitM2": 5.67,
      "PriceM2": 5318.828,
      "NDS": 20
    },
    {
      "ID": "10140",
      "IDStock": "4086fbbc-8dc9-418d-8de9-7d65ccab24a0",
      "PriceT": 39105.33,
      "PriceLimitT1": 2.43,
      "PriceT1": 35194.8,
      "PriceLimitT2": 4.86,
      "PriceT2": 31284.26,
      "PriceM": 5708.807,
      "PriceLimitM1": 16.645,
      "PriceM1": 5137.927,
      "PriceLimitM2": 33.291,
      "PriceM2": 4567.046,
      "NDS": 20
    },
    {
      "ID": "10141",
      "IDStock": "c90165d4-835c-44e0-a79a-661fc4ebcec1",
      "PriceT": 17244.04,
      "PriceLimitT1": 7.1,
      "PriceT1": 15519.64,
      "PriceLimitT2": 14.2,
      "PriceT2": 13795.23,
      "PriceM": 6870.135,
      "PriceLimitM1": 17.821,
      "PriceM1": 6183.122,
      "PriceLimitM2": 35.642,
      "PriceM2": 5496.108,
      "NDS": 20
    },
    {
      "ID": "10142",
      "IDStock": "4086fbbc-8dc9-418d-8de9-7d65ccab24a0",
      "PriceT": 81027.66,
      "PriceLimitT1": 3.04,
      "PriceT1": 72924.89,
      "PriceLimitT2": 6.08,
      "PriceT2": 64822.13,
      "PriceM": 115753.8,
      "PriceLimitM1": 2.128,
      "PriceM1": 104178.4,
      "PriceLimitM2": 4.256,
      "PriceM2": 92603.04,
      "NDS": 20
    },
    {
      "ID": "10143",
      "IDStock": "4086fbbc-8dc9-418d-8de9-7d65ccab24a0",
      "PriceT": 61309.46,
      "PriceLimitT1": 1.12,
      "PriceT1": 55178.51,
      "PriceLimitT2": 2.24,
      "PriceT2": 49047.57,
      "PriceM": 7014.812,
      "PriceLimitM1": 9.789,
      "PriceM1": 6313.331,
      "PriceLimitM2": 19.578,
      "PriceM2": 5611.85,
      "NDS": 20
    },
    {
      "ID": "10144",
      "IDStock": "055228a9-0eaf-42a6-b259-1fe69d19865e",
      "PriceT": 76540.38,
      "PriceLimitT1": 1.64,
      "PriceT1": 68886.34,
      "PriceLimitT2": 3.28,
      "PriceT2": 61232.3,
      "PriceM": 30616.15,
      "PriceLimitM1": 4.1,
      "PriceM1": 27554.54,
      "PriceLimitM2": 8.2,
      "PriceM2": 24492.92,
      "NDS": 20
    },
    {
      "ID": "10145",
      "IDStock": "881fcb8e-26d4-467a-be21-f0f877e77c99",
      "PriceT": 31206.49,
      "PriceLimitT1": 7.76,
      "PriceT1": 28085.84,
      "PriceLimitT2": 15.52,
      "PriceT2": 24965.19,
      "PriceM": 3319.839,
      "PriceLimitM1": 72.944,
      "PriceM1": 2987.855,
      "PriceLimitM2": 145.888,
      "PriceM2": 2655.871,
      "NDS": 20
    },
    {
      "ID": "10146",
      "IDStock": "4086fbbc-8dc9-418d-8de9-7d65ccab24a0",
      "PriceT": 39266.54,
      "PriceLimitT1": 5.9,
      "PriceT1": 35339.89,
      "PriceLimitT2": 11.8,
      "PriceT2": 31413.23,
      "PriceM": 10199.1,
      "PriceLimitM1": 22.715,
      "PriceM1": 9179.191,
      "PriceLimitM2": 45.43,
      "PriceM2": 8159.281,
      "NDS": 20
    },
    {
      "ID": "10147",
      "IDStock": "7ea241c8-a1a2-4094-b57b-f814b9eea821",
      "PriceT": 72589.43,
      "PriceLimitT1": 0.2,
      "PriceT1": 65330.49,
      "PriceLimitT2": 0.4,
      "PriceT2": 58071.54,
      "PriceM": 13826.56,
      "PriceLimitM1": 1.05,
      "PriceM1": 12443.9,
      "PriceLimitM2": 2.1,
      "PriceM2": 11061.25,
      "NDS": 20
    },
    {
      "ID": "10148",
      "IDStock": "881fcb8e-26d4-467a-be21-f0f877e77c99",
      "PriceT": 34391.7,
      "PriceLimitT1": 0.9,
      "PriceT1": 30952.53,
      "PriceLimitT2": 1.8,
      "PriceT2": 27513.36,
      "PriceM": 4089.382,
      "PriceLimitM1": 7.569,
      "PriceM1": 3680.444,
      "PriceLimitM2": 15.138,
      "PriceM2": 3271.505,
      "NDS": 20
    },
    {
      "ID": "10149",
      "IDStock": "c90165d4-835c-44e0-a79a-661fc4ebcec1",
      "PriceT": 57675.06,
      "PriceLimitT1": 3.8,
      "PriceT1": 51907.55,
      "PriceLimitT2": 7.6,
      "PriceT2": 46140.05,
      "PriceM": 8765.207,
      "PriceLimitM1": 25.004,
      "PriceM1": 7888.686,
      "PriceLimitM2": 50.008,
      "PriceM2": 7012.165,
      "NDS": 20
    },
    {
      "ID": "10150",
      "IDStock": "c90165d4-835c-44e0-a79a-661fc4ebcec1",
      "PriceT": 28663.88,
      "PriceLimitT1": 1.95,
      "PriceT1": 25797.49,
      "PriceLimitT2": 3.9,
      "PriceT2": 22931.1,
      "PriceM": 4178.408,
      "PriceLimitM1": 13.377,
      "PriceM1": 3760.567,
      "PriceLimitM2": 26.754,
      "PriceM2": 3342.727,
      "NDS": 20
    },
    {
      "ID": "10151",
      "IDStock": "055228a9-0eaf-42a6-b259-1fe69d19865e",
      "PriceT": 35242.68,
      "PriceLimitT1": 6.39,
      "PriceT1": 31718.41,
      "PriceLimitT2": 12.78,
      "PriceT2": 28194.14,
      "PriceM": 4292.653,
      "PriceLimitM1": 52.462,
      "PriceM1": 3863.388,
      "PriceLimitM2": 104.924,
      "PriceM2": 3434.122,
      "NDS": 20
    },
    {
      "ID": "10152",
      "IDStock": "c90165d4-835c-44e0-a79a-661fc4ebcec1",
      "PriceT": 40393.64,
      "PriceLimitT1": 1.84,
      "PriceT1": 36354.28,
      "PriceLimitT2": 3.68,
      "PriceT2": 32314.91,
      "PriceM": 21148.5,
      "PriceLimitM1": 3.514,
      "PriceM1": 19033.65,
      "PriceLimitM2": 7.029,
      "PriceM2": 16918.8,
      "NDS": 20
    },
    {
      "ID": "10153",
      "IDStock": "055228a9-0eaf-42a6-b259-1fe69d19865e",
      "PriceT": 80634.1,
      "PriceLimitT1": 0.52,
      "PriceT1": 72570.69,
      "PriceLimitT2": 1.04,
      "PriceT2": 64507.28,
      "PriceM": 17918.69,
      "PriceLimitM1": 2.34,
      "PriceM1": 16126.82,
      "PriceLimitM2": 4.68,
      "PriceM2": 14334.95,
      "NDS": 20
    },
    {
      "ID": "10154",
      "IDStock": "881fcb8e-26d4-467a-be21-f0f877e77c99",
      "PriceT": 89454.04,
      "PriceLimitT1": 2.5,
      "PriceT1": 80508.64,
      "PriceLimitT2": 5.0,
      "PriceT2": 71563.23,
      "PriceM": 27189.68,
      "PriceLimitM1": 8.225,
      "PriceM1": 24470.71,
      "PriceLimitM2": 16.45,
      "PriceM2": 21751.74,
      "NDS": 20
    },
    {
      "ID": "10155",
      "IDStock": "055228a9-0eaf-42a6-b259-1fe69d19865e",
      "PriceT": 45753.6,
      "PriceLimitT1": 2.3,
      "PriceT1": 41178.24,
      "PriceLimitT2": 4.6,
      "PriceT2": 36602.88,
      "PriceM": 10615.68,
      "PriceLimitM1": 9.913,
      "PriceM1": 9554.116,
      "PriceLimitM2": 19.826,
      "PriceM2": 8492.548,
      "NDS": 20
    },
    {
      "ID": "10156",
      "IDStock": "4086fbbc-8dc9-418d-8de9-7d65ccab24a0",
      "PriceT": 47280.6,
      "PriceLimitT1": 2.04,
      "PriceT1": 42552.54,
      "PriceLimitT2": 4.08,
      "PriceT2": 37824.48,
      "PriceM": 17007.41,
      "PriceLimitM1": 5.671,
      "PriceM1": 15306.67,
      "PriceLimitM2": 11.342,
      "PriceM2": 13605.93,
      "NDS": 20
    },
    {
      "ID": "10157",
      "IDStock": "c90165d4-835c-44e0-a79a-661fc4ebcec1",
      "PriceT": 9067.99,
      "PriceLimitT1": 5.67,
      "PriceT1": 8161.19,
      "PriceLimitT2": 11.34,
      "PriceT2": 7254.39,
      "PriceM": 1493.903,
      "PriceLimitM1": 34.417,
      "PriceM1": 1344.513,
      "PriceLimitM2": 68.834,
      "PriceM2": 1195.122,
      "NDS": 20
    },
    {
      "ID": "10158",
      "IDStock": "881fcb8e-26d4-467a-be21-f0f877e77c99",
      "PriceT": 86871.39,
      "PriceLimitT1": 2.24,
      "PriceT1": 78184.25,
      "PriceLimitT2": 4.48,
      "PriceT2": 69497.11,
      "PriceM": 9452.817,
      "PriceLimitM1": 20.586,
      "PriceM1": 8507.535,
      "PriceLimitM2": 41.171,
      "PriceM2": 7562.254,
      "NDS": 20
    },
    {
      "ID": "10159",
      "IDStock": "4086fbbc-8dc9-418d-8de9-7d65ccab24a0",
      "PriceT": 25606.57,
      "PriceLimitT1": 0.87,
      "PriceT1": 23045.91,
      "PriceLimitT2": 1.74,
      "PriceT2": 20485.26,
      "PriceM": 9414.18,
      "PriceLimitM1": 2.366,
      "PriceM1": 8472.762,
      "PriceLimitM2": 4.733,
      "PriceM2": 7531.344,
      "NDS": 20
    },
    {
      "ID": "10160",
      "IDStock": "4086fbbc-8dc9-418d-8de9-7d65ccab24a0",
      "PriceT": 32786.95,
      "PriceLimitT1": 4.02,
      "PriceT1": 29508.26,
      "PriceLimitT2": 8.04,
      "PriceT2": 26229.56,
      "PriceM": 9816.452,
      "PriceLimitM1": 13.427,
      "PriceM1": 8834.807,
      "PriceLimitM2": 26.854,
      "PriceM2": 7853.162,
      "NDS": 20
    },
    {
      "ID": "10161",
      "IDStock": "881fcb8e-26d4-467a-be21-f0f877e77c99",
      "PriceT": 76961.12,
      "PriceLimitT1": 0.36,
      "PriceT1": 69265.01,
      "PriceLimitT2": 0.72,
      "PriceT2": 61568.9,
      "PriceM": 11418.56,
      "PriceLimitM1": 2.426,
      "PriceM1": 10276.71,
      "PriceLimitM2": 4.853,
      "PriceM2": 9134.851,
      "NDS": 20
    },
    {
      "ID": "10162",
      "IDStock": "c90165d4-835c-44e0-a79a-661fc4ebcec1",
      "PriceT": 11150.32,
      "PriceLimitT1": 0.54,
      "PriceT1": 10035.29,
      "PriceLimitT2": 1.08,
      "PriceT2": 8920.26,
      "PriceM": 3585.312,
      "PriceLimitM1": 1.679,
      "PriceM1": 3226.781,
      "PriceLimitM2": 3.359,
      "PriceM2": 2868.25,
      "NDS": 20
    },
    {
      "ID": "10163",
      "IDStock": "881fcb8e-26d4-467a-be21-f0f877e77c99",
      "PriceT": 21285.95,
      "PriceLimitT1": 1.04,
      "PriceT1": 19157.36,
      "PriceLimitT2": 2.08,
      "PriceT2": 17028.76,
      "PriceM": 4149.308,
      "PriceLimitM1": 5.335,
      "PriceM1": 3734.377,
      "PriceLimitM2": 10.67,
      "PriceM2": 3319.446,
      "NDS": 20
    },
    {
      "ID": "10164",
      "IDStock": "7ea241c8-a1a2-4094-b57b-f814b9eea821",
      "PriceT": 99647.05,
      "PriceLimitT1": 1.38,
      "PriceT1": 89682.35,
      "PriceLimitT2": 2.76,
      "PriceT2": 79717.64,
      "PriceM": 11876.88,
      "PriceLimitM1": 11.578,
      "PriceM1": 10689.19,
      "PriceLimitM2": 23.156,
      "PriceM2": 9501.507,
      "NDS": 20
    },
    {
      "ID": "10165",
      "IDStock": "c90165d4-835c-44e0-a79a-661fc4ebcec1",
      "PriceT": 43297.85,
      "PriceLimitT1": 2.08,
      "PriceT1": 38968.07,
      "PriceLimitT2": 4.16,
      "PriceT2": 34638.28,
      "PriceM": 9795.894,
      "PriceLimitM1": 9.194,
      "PriceM1": 8816.304,
      "PriceLimitM2": 18.387,
      "PriceM2": 7836.715,
      "NDS": 20
    },
    {
      "ID": "10166",
      "IDStock": "4086fbbc-8dc9-418d-8de9-7d65ccab24a0",
      "PriceT": 77525.19,
      "PriceLimitT1": 2.55,
      "PriceT1": 69772.67,
      "PriceLimitT2": 5.1,
      "PriceT2": 62020.15,
      "PriceM": 12667.51,
      "PriceLimitM1": 15.606,
      "PriceM1": 11400.76,
      "PriceLimitM2": 31.212,
      "PriceM2": 10134.01,
      "NDS": 20
    },
    {
      "ID": "10167",
      "IDStock": "881fcb8e-26d4-467a-be21-f0f877e77c99",
      "PriceT": 4276.11,
      "PriceLimitT1": 6.75,
      "PriceT1": 3848.5,
      "PriceLimitT2": 13.5,
      "PriceT2": 3420.89,
      "PriceM": 750.195,
      "PriceLimitM1": 38.475,
      "PriceM1": 675.175,
      "PriceLimitM2": 76.95,
      "PriceM2": 600.156,
      "NDS": 20
    },
    {
      "ID": "10168",
      "IDStock": "055228a9-0eaf-42a6-b259-1fe69d19865e",
      "PriceT": 75595.29,
      "PriceLimitT1": 4.24,
      "PriceT1": 68035.76,
      "PriceLimitT2": 8.48,
      "PriceT2": 60476.23,
      "PriceM": 14426.58,
      "PriceLimitM1": 22.218,
      "PriceM1": 12983.92,
      "PriceLimitM2": 44.435,
      "PriceM2": 11541.27,
      "NDS": 20
    },
    {
      "ID": "10169",
      "IDStock": "881fcb8e-26d4-467a-be21-f0f877e77c99",
      "PriceT": 92062.55,
      "PriceLimitT1": 9.2,
      "PriceT1": 82856.3,
      "PriceLimitT2": 18.4,
      "PriceT2": 73650.04,
      "PriceM": 9629.974,
      "PriceLimitM1": 87.952,
      "PriceM1": 8666.976,
      "PriceLimitM2": 175.904,
      "PriceM2": 7703.979,
      "NDS": 20
    },
    {
      "ID": "10170",
      "IDStock": "055228a9-0eaf-42a6-b259-1fe69d19865e",
      "PriceT": 26230.39,
      "PriceLimitT1": 0.38,
      "PriceT1": 23607.35,
      "PriceLimitT2": 0.76,
      "PriceT2": 20984.31,
      "PriceM": 14988.79,
      "PriceLimitM1": 0.665,
      "PriceM1": 13489.91,
      "PriceLimitM2": 1.33,
      "PriceM2": 11991.04,
      "NDS": 20
    },
    {
      "ID": "10171",
      "IDStock": "7ea241c8-a1a2-4094-b57b-f814b9eea821",
      "PriceT": 71061.45,
      "PriceLimitT1": 4.38,
      "PriceT1": 63955.31,
      "PriceLimitT2": 8.76,
      "PriceT2": 56849.16,
      "PriceM": 62886.24,
      "PriceLimitM1": 4.949,
      "PriceM1": 56597.62,
      "PriceLimitM2": 9.899,
      "PriceM2": 50308.99,
      "NDS": 20
    },
    {
      "ID": "10172",
      "IDStock": "881fcb8e-26d4-467a-be21-f0f877e77c99",
      "PriceT": 13366.04,
      "PriceLimitT1": 4.65,
      "PriceT1": 12029.44,
      "PriceLimitT2": 9.3,
      "PriceT2": 10692.83,
      "PriceM": 3632.076,
      "PriceLimitM1": 17.112,
      "PriceM1": 3268.868,
      "PriceLimitM2": 34.224,
      "PriceM2": 2905.661,
      "NDS": 20
    },
    {
      "ID": "10173",
      "IDStock": "881fcb8e-26d4-467a-be21-f0f877e77c99",
      "PriceT": 32239.61,
      "PriceLimitT1": 1.4,
      "PriceT1": 29015.65,
      "PriceLimitT2": 2.8,
      "PriceT2": 25791.69,
      "PriceM": 6358.897,
      "PriceLimitM1": 7.098,
      "PriceM1": 5723.008,
      "PriceLimitM2": 14.196,
      "PriceM2": 5087.118,
      "NDS": 20
    },
    {
      "ID": "10174",
      "IDStock": "4086fbbc-8dc9-418d-8de9-7d65ccab24a0",
      "PriceT": 22500.28,
      "PriceLimitT1": 4.38,
      "PriceT1": 20250.25,
      "PriceLimitT2": 8.76,
      "PriceT2": 18000.22,
      "PriceM": 3700.704,
      "PriceLimitM1": 26.63,
      "PriceM1": 3330.634,
      "PriceLimitM2": 53.261,
      "PriceM2": 2960.563,
      "NDS": 20
    },
    {
      "ID": "10175",
      "IDStock": "055228a9-0eaf-42a6-b259-1fe69d19865e",
      "PriceT": 43126.33,
      "PriceLimitT1": 0.31,
      "PriceT1": 38813.7,
      "PriceLimitT2": 0.62,
      "PriceT2": 34501.06,
      "PriceM": 73095.47,
      "PriceLimitM1": 0.183,
      "PriceM1": 65785.93,
      "PriceLimitM2": 0.366,
      "PriceM2": 58476.38,
      "NDS": 20
    },
    {
      "ID": "10176",
      "IDStock": "881fcb8e-26d4-467a-be21-f0f877e77c99",
      "PriceT": 90693.67,
      "PriceLimitT1": 9.7,
      "PriceT1": 81624.3,
      "PriceLimitT2": 19.4,
      "PriceT2": 72554.94,
      "PriceM": 15040.41,
      "PriceLimitM1": 58.491,
      "PriceM1": 13536.37,
      "PriceLimitM2": 116.982,
      "PriceM2": 12032.33,
      "NDS": 20
    },
    {
      "ID": "10177",
      "IDStock": "055228a9-0eaf-42a6-b259-1fe69d19865e",
      "PriceT": 97813.4,
      "PriceLimitT1": 2.1,
      "PriceT1": 88032.06,
      "PriceLimitT2": 4.2,
      "PriceT2": 78250.72,
      "PriceM": 15283.34,
      "PriceLimitM1": 13.44,
      "PriceM1": 13755.01,
      "PriceLimitM2": 26.88,
      "PriceM2": 12226.68,
      "NDS": 20
    },
    {
      "ID": "10178",
      "IDStock": "055228a9-0eaf-42a6-b259-1fe69d19865e",
      "PriceT": 56569.25,
      "PriceLimitT1": 9.1,
      "PriceT1": 50912.33,
      "PriceLimitT2": 18.2,
      "PriceT2": 45255.4,
      "PriceM": 7394.673,
      "PriceLimitM1": 69.615,
      "PriceM1": 6655.206,
      "PriceLimitM2": 139.23,
      "PriceM2": 5915.739,
      "NDS": 20
    },
    {
      "ID": "10179",
      "IDStock": "c90165d4-835c-44e0-a79a-661fc4ebcec1",
      "PriceT": 66955.12,
      "PriceLimitT1": 1.98,
      "PriceT1": 60259.61,
      "PriceLimitT2": 3.96,
      "PriceT2": 53564.1,
      "PriceM": 11624.15,
      "PriceLimitM1": 11.405,
      "PriceM1": 10461.74,
      "PriceLimitM2": 22.81,
      "PriceM2": 9299.322,
      "NDS": 20
    },
    {
      "ID": "10180",
      "IDStock": "c90165d4-835c-44e0-a79a-661fc4ebcec1",
      "PriceT": 10312.56,
      "PriceLimitT1": 0.84,
      "PriceT1": 9281.3,
      "PriceLimitT2": 1.68,
      "PriceT2": 8250.05,
      "PriceM": 1454.522,
      "PriceLimitM1": 5.956,
      "PriceM1": 1309.07,
      "PriceLimitM2": 11.911,
      "PriceM2": 1163.617,
      "NDS": 20
    },
    {
      "ID": "10181",
      "IDStock": "881fcb8e-26d4-467a-be21-f0f877e77c99",
      "PriceT": 47768.29,
      "PriceLimitT1": 4.92,
      "PriceT1": 42991.46,
      "PriceLimitT2": 9.84,
      "PriceT2": 38214.63,
      "PriceM": 32718.01,
      "PriceLimitM1": 7.183,
      "PriceM1": 29446.21,
      "PriceLimitM2": 14.366,
      "PriceM2": 26174.41,
      "NDS": 20
    },
    {
      "ID": "10182",
      "IDStock": "055228a9-0eaf-42a6-b259-1fe69d19865e",
      "PriceT": 43671.66,
      "PriceLimitT1": 3.69,
      "PriceT1": 39304.49,
      "PriceLimitT2": 7.38,
      "PriceT2": 34937.33,
      "PriceM": 5799.689,
      "PriceLimitM1": 27.786,
      "PriceM1": 5219.72,
      "PriceLimitM2": 55.571,
      "PriceM2": 4639.751,
      "NDS": 20
    },
    {
      "ID": "10183",
      "IDStock": "c90165d4-835c-44e0-a79a-661fc4ebcec1",
      "PriceT": 14032.2,
      "PriceLimitT1": 3.57,
      "PriceT1": 12628.98,
      "PriceLimitT2": 7.14,
      "PriceT2": 11225.76,
      "PriceM": 17112.44,
      "PriceLimitM1": 2.927,
      "PriceM1": 15401.2,
      "PriceLimitM2": 5.855,
      "PriceM2": 13689.95,
      "NDS": 20
    },
    {
      "ID": "10184",
      "IDStock": "881fcb8e-26d4-467a-be21-f0f877e77c99",
      "PriceT": 99957.09,
      "PriceLimitT1": 3.22,
      "PriceT1": 89961.38,
      "PriceLimitT2": 6.44,
      "PriceT2": 79965.67,
      "PriceM": 23970.53,
      "PriceLimitM1": 13.427,
      "PriceM1": 21573.47,
      "PriceLimitM2": 26.855,
      "PriceM2": 19176.42,
      "NDS": 20
    },
    {
      "ID": "10185",
      "IDStock": "881fcb8e-26d4-467a-be21-f0f877e77c99",
      "PriceT": 66088.66,
      "PriceLimitT1": 5.0,
      "PriceT1": 59479.79,
      "PriceLimitT2": 10.0,
      "PriceT2": 52870.93,
      "PriceM": 95780.67,
      "PriceLimitM1": 3.45,
      "PriceM1": 86202.6,
      "PriceLimitM2": 6.9,
      "PriceM2": 76624.53,
      "NDS": 20
    },
    {
      "ID": "10186",
      "IDStock": "055228a9-0eaf-42a6-b259-1fe69d19865e",
      "PriceT": 24041.9,
      "PriceLimitT1": 1.7,
      "PriceT1": 21637.71,
      "PriceLimitT2": 3.4,
      "PriceT2": 19233.52,
      "PriceM": 2599.124,
      "PriceLimitM1": 15.725,
      "PriceM1": 2339.212,
      "PriceLimitM2": 31.45,
      "PriceM2": 2079.299,
      "NDS": 20
    },
    {
      "ID": "10187",
      "IDStock": "7ea241c8-a1a2-4094-b57b-f814b9eea821",
      "PriceT": 80841.95,
      "PriceLimitT1": 5.28,
      "PriceT1": 72757.76,
      "PriceLimitT2": 10.56,
      "PriceT2": 64673.56,
      "PriceM": 32996.71,
      "PriceLimitM1": 12.936,
      "PriceM1": 29697.04,
      "PriceLimitM2": 25.872,
      "PriceM2": 26397.37,
      "NDS": 20
    },
    {
      "ID": "10188",
      "IDStock": "055228a9-0eaf-42a6-b259-1fe69d19865e",
      "PriceT": 12361.63,
      "PriceLimitT1": 3.08,
      "PriceT1": 11125.47,
      "PriceLimitT2": 6.16,
      "PriceT2": 9889.3,
      "PriceM": 1750.939,
      "PriceLimitM1": 21.745,
      "PriceM1": 1575.845,
      "PriceLimitM2": 43.49,
      "PriceM2": 1400.751,
      "NDS": 20
    },
    {
      "ID": "10189",
      "IDStock": "055228a9-0eaf-42a6-b259-1fe69d19865e",
      "PriceT": 61758.88,
      "PriceLimitT1": 8.6,
      "PriceT1": 55582.99,
      "PriceLimitT2": 17.2,
      "PriceT2": 49407.1,
      "PriceM": 8810.111,
      "PriceLimitM1": 60.286,
      "PriceM1": 7929.1,
      "PriceLimitM2": 120.572,
      "PriceM2": 7048.089,
      "NDS": 20
    },
    {
      "ID": "10190",
      "IDStock": "7ea241c8-a1a2-4094-b57b-f814b9eea821",
      "PriceT": 62914.33,
      "PriceLimitT1": 1.48,
      "PriceT1": 56622.9,
      "PriceLimitT2": 2.96,
      "PriceT2": 50331.46,
      "PriceM": 7076.978,
      "PriceLimitM1": 13.157,
      "PriceM1": 6369.28,
      "PriceLimitM2": 26.314,
      "PriceM2": 5661.582,
      "NDS": 20
    },
    {
      "ID": "10191",
      "IDStock": "055228a9-0eaf-42a6-b259-1fe69d19865e",
      "PriceT": 88868.74,
      "PriceLimitT1": 1.32,
      "PriceT1": 79981.87,
      "PriceLimitT2": 2.64,
      "PriceT2": 71094.99,
      "PriceM": 9040.564,
      "PriceLimitM1": 12.976,
      "PriceM1": 8136.507,
      "PriceLimitM2": 25.951,
      "PriceM2": 7232.451,
      "NDS": 20
    },
    {
      "ID": "10192",
      "IDStock": "7ea241c8-a1a2-4094-b57b-f814b9eea821",
      "PriceT": 25260.55,
      "PriceLimitT1": 0.92,
      "PriceT1": 22734.5,
      "PriceLimitT2": 1.84,
      "PriceT2": 20208.44,
      "PriceM": 3130.18,
      "PriceLimitM1": 7.424,
      "PriceM1": 2817.162,
      "PriceLimitM2": 14.849,
      "PriceM2": 2504.144,
      "NDS": 20
    },
    {
      "ID": "10193",
      "IDStock": "4086fbbc-8dc9-418d-8de9-7d65ccab24a0",
      "PriceT": 68763.33,
      "PriceLimitT1": 2.52,
      "PriceT1": 61887.0,
      "PriceLimitT2": 5.04,
      "PriceT2": 55010.66,
      "PriceM": 11714.37,
      "PriceLimitM1": 14.792,
      "PriceM1": 10542.93,
      "PriceLimitM2": 29.585,
      "PriceM2": 9371.493,
      "NDS": 20
    },
    {
      "ID": "10194",
      "IDStock": "055228a9-0eaf-42a6-b259-1fe69d19865e",
      "PriceT": 50523.33,
      "PriceLimitT1": 2.2,
      "PriceT1": 45471.0,
      "PriceLimitT2": 4.4,
      "PriceT2": 40418.66,
      "PriceM": 10145.25,
      "PriceLimitM1": 10.956,
      "PriceM1": 9130.722,
      "PriceLimitM2": 21.912,
      "PriceM2": 8116.198,
      "NDS": 20
    },
    {
      "ID": "10195",
      "IDStock": "c90165d4-835c-44e0-a79a-661fc4ebcec1",
      "PriceT": 84596.95,
      "PriceLimitT1": 1.8,
      "PriceT1": 76137.26,
      "PriceLimitT2": 3.6,
      "PriceT2": 67677.56,
      "PriceM": 18232.1,
      "PriceLimitM1": 8.352,
      "PriceM1": 16408.89,
      "PriceLimitM2": 16.704,
      "PriceM2": 14585.68,
      "NDS": 20
    },
    {
      "ID": "10196",
      "IDStock": "7ea241c8-a1a2-4094-b57b-f814b9eea821",
      "PriceT": 41388.23,
      "PriceLimitT1": 0.81,
      "PriceT1": 37249.41,
      "PriceLimitT2": 1.62,
      "PriceT2": 33110.58,
      "PriceM": 20591.16,
      "PriceLimitM1": 1.628,
      "PriceM1": 18532.04,
      "PriceLimitM2": 3.256,
      "PriceM2": 16472.93,
      "NDS": 20
    },
    {
      "ID": "10197",
      "IDStock": "4086fbbc-8dc9-418d-8de9-7d65ccab24a0",
      "PriceT": 46086.39,
      "PriceLimitT1": 2.22,
      "PriceT1": 41477.75,
      "PriceLimitT2": 4.44,
      "PriceT2": 36869.11,
      "PriceM": 8896.986,
      "PriceLimitM1": 11.5,
      "PriceM1": 8007.288,
      "PriceLimitM2": 22.999,
      "PriceM2": 7117.589,
      "NDS": 20
    },
    {
      "ID": "10198",
      "IDStock": "c90165d4-835c-44e0-a79a-661fc4ebcec1",
      "PriceT": 2103.29,
      "PriceLimitT1": 0.49,
      "PriceT1": 1892.96,
      "PriceLimitT2": 0.98,
      "PriceT2": 1682.63,
      "PriceM": 244.569,
      "PriceLimitM1": 4.214,
      "PriceM1": 220.112,
      "PriceLimitM2": 8.428,
      "PriceM2": 195.655,
      "NDS": 20
    },
    {
      "ID": "10199",
      "IDStock": "055228a9-0eaf-42a6-b259-1fe69d19865e",
      "PriceT": 39510.95,
      "PriceLimitT1": 7.3,
      "PriceT1": 35559.86,
      "PriceLimitT2": 14.6,
      "PriceT2": 31608.76,
      "PriceM": 37274.48,
      "PriceLimitM1": 7.738,
      "PriceM1": 33547.03,
      "PriceLimitM2": 15.476,
      "PriceM2": 29819.58,
      "NDS": 20
    },
    {
      "ID": "10200",
      "IDStock": "055228a9-0eaf-42a6-b259-1fe69d19865e",
      "PriceT": 88479.05,
      "PriceLimitT1": 3.15,
      "PriceT1": 79631.15,
      "PriceLimitT2": 6.3,
      "PriceT2": 70783.24,
      "PriceM": 14293.87,
      "PriceLimitM1": 19.498,
      "PriceM1": 12864.48,
      "PriceLimitM2": 38.997,
      "PriceM2": 11435.1,
      "NDS": 20
    }
  ]
}