{
  "ArrayOfRemnantsEl": [
    {
      "ID": "10001",
      "IDStock": "4086fbbc-8dc9-418d-8de9-7d65ccab24a0",
      "InStockT": 34.01,
      "InStockM": 338.3995,
      "SoonArriveT": 0,
      "SoonArriveM": 0,
      "ReservedT": 0,
      "ReservedM": 0,
      "UnderTheOrder": false,
      "AvgTubeLength": 0.04,
      "AvgTubeWeight": 0.398
    },
    {
      "ID": "10002",
      "IDStock": "4086fbbc-8dc9-418d-8de9-7d65ccab24a0",
      "InStockT": 93.39,
      "InStockM": 70.0425,
      "SoonArriveT": 0,
      "SoonArriveM": 0,
      "ReservedT": 0,
      "ReservedM": 0,
      "UnderTheOrder": false,
      "AvgTubeLength": 0.95,
      "AvgTubeWeight": 0.713
    },
    {
      "ID": "10003",
      "IDStock": "4086fbbc-8dc9-418d-8de9-7d65ccab24a0",
      "InStockT": 99.14,
      "InStockM": 264.7038,
      "SoonArriveT": 0,
      "SoonArriveM": 0,
      "ReservedT": 0,
      "ReservedM": 0,
      "UnderTheOrder": false,
      "AvgTubeLength": 0.44,
      "AvgTubeWeight": 1.175
    },
    {
      "ID": "10004",
      "IDStock": "c90165d4-835c-44e0-a79a-661fc4ebcec1",
      "InStockT": 40.29,
      "InStockM": 142.2237,
      "SoonArriveT": 0,
      "SoonArriveM": 0,
      "ReservedT": 0,
      "ReservedM": 0,
      "UnderTheOrder": false,
      "AvgTubeLength": 0.37,
      "AvgTubeWeight": 1.306
    },
    {
      "ID": "10005",
      "IDStock": "7ea241c8-a1a2-4094-b57b-f814b9eea821",
      "InStockT": 87.6,
      "InStockM": 176.076,
      "SoonArriveT": 0,
      "SoonArriveM": 0,
      "ReservedT": 0,
      "ReservedM": 0,
      "UnderTheOrder": false,
      "AvgTubeLength": 0.31,
      "AvgTubeWeight": 0.623
    },
    {
      "ID": "10006",
      "IDStock": "4086fbbc-8dc9-418d-8de9-7d65ccab24a0",
      "InStockT": 85.77,
      "InStockM": 274.464,
      "SoonArriveT": 0,
      "SoonArriveM": 0,
      "ReservedT": 0,
      "ReservedM": 0,
      "UnderTheOrder": false,
      "AvgTubeLength": 0.92,
      "AvgTubeWeight": 2.944
    },
    {
      "ID": "10007",
      "IDStock": "881fcb8e-26d4-467a-be21-f0f877e77c99",
      "InStockT": 70.62,
      "InStockM": 461.1486,
      "SoonArriveT": 0,
      "SoonArriveM": 0,
      "ReservedT": 0,
      "ReservedM": 0,
      "UnderTheOrder": false,
      "AvgTubeLength": 0.58,
      "AvgTubeWeight": 3.787
    },
    {
      "ID": "10008",
      "IDStock": "881fcb8e-26d4-467a-be21-f0f877e77c99",
      "InStockT": 11.24,
      "InStockM": 70.0252,
      "SoonArriveT": 0,
      "SoonArriveM": 0,
      "ReservedT": 0,
      "ReservedM": 0,
      "UnderTheOrder": false,
      "AvgTubeLength": 0.18,
      "AvgTubeWeight": 1.121
    },
    {
      "ID": "10009",
      "IDStock": "4086fbbc-8dc9-418d-8de9-7d65ccab24a0",
      "InStockT": 77.25,
      "InStockM": 334.4925,
      "SoonArriveT": 0,
      "SoonArriveM": 0,
      "ReservedT": 0,
      "ReservedM": 0,
      "UnderTheOrder": false,
      "AvgTubeLength": 0.31,
      "AvgTubeWeight": 1.342
    },
    {
      "ID": "10010",
      "IDStock": "4086fbbc-8dc9-418d-8de9-7d65ccab24a0",
      "InStockT": 30.91,
      "InStockM": 188.551,
      "SoonArriveT": 0,
      "SoonArriveM": 0,
      "ReservedT": 0,
      "ReservedM": 0,
      "UnderTheOrder": false,
      "AvgTubeLength": 0.58,
      "AvgTubeWeight": 3.538
    },
    {
      "ID": "10011",
      "IDStock": "055228a9-0eaf-42a6-b259-1fe69d19865e",
      "InStockT": 44.37,
      "InStockM": 356.7348,
      "SoonArriveT": 0,
      "SoonArriveM": 0,
      "ReservedT": 0,
      "ReservedM": 0,
      "UnderTheOrder": false,
      "AvgTubeLength": 0.23,
      "AvgTubeWeight": 1.849
    },
    {
      "ID": "10012",
      "IDStock": "881fcb8e-26d4-467a-be21-f0f877e77c99",
      "InStockT": 41.8,
      "InStockM": 348.612,
      "SoonArriveT": 0,
      "SoonArriveM": 0,
      "ReservedT": 0,
      "ReservedM": 0,
      "UnderTheOrder": false,
      "AvgTubeLength": 0.98,
      "AvgTubeWeight": 8.173
    },
    {
      "ID": "10013",
      "IDStock": "7ea241c8-a1a2-4094-b57b-f814b9eea821",
      "InStockT": 66.64,
      "InStockM": 655.7376,
      "SoonArriveT": 0,
      "SoonArriveM": 0,
      "ReservedT": 0,
      "ReservedM": 0,
      "UnderTheOrder": false,
      "AvgTubeLength": 0.17,
      "AvgTubeWeight": 1.673
    },
    {
      "ID": "10014",
      "IDStock": "881fcb8e-26d4-467a-be21-f0f877e77c99",
      "InStockT": 73.74,
      "InStockM": 405.57,
      "SoonArriveT": 0,
      "SoonArriveM": 0,
      "ReservedT": 0,
      "ReservedM": 0,
      "UnderTheOrder": false,
      "AvgTubeLength": 0.1,
      "AvgTubeWeight": 0.55
    },
    {
      "ID": "10015",
      "IDStock": "055228a9-0eaf-42a6-b259-1fe69d19865e",
      "InStockT": 46.57,
      "InStockM": 298.048,
      "SoonArriveT": 0,
      "SoonArriveM": 0,
      "ReservedT": 0,
      "ReservedM": 0,
      "UnderTheOrder": false,
      "AvgTubeLength": 0.63,
      "AvgTubeWeight": 4.032
    },
    {
      "ID": "10016",
      "IDStock": "4086fbbc-8dc9-418d-8de9-7d65ccab24a0",
      "InStockT": 39.38,
      "InStockM": 85.4546,
      "SoonArriveT": 0,
      "SoonArriveM": 0,
      "ReservedT": 0,
      "ReservedM": 0,
      "UnderTheOrder": false,
      "AvgTubeLength": 0.07,
      "AvgTubeWeight": 0.152
    },
    {
      "ID": "10017",
      "IDStock": "055228a9-0eaf-42a6-b259-1fe69d19865e",
      "InStockT": 44.44,
      "InStockM": 176.4268,
      "SoonArriveT": 0,
      "SoonArriveM": 0,
      "ReservedT": 0,
      "ReservedM": 0,
      "UnderTheOrder": false,
      "AvgTubeLength": 0.25,
      "AvgTubeWeight": 0.993
    },
    {
      "ID": "10018",
      "IDStock": "055228a9-0eaf-42a6-b259-1fe69d19865e",
      "InStockT": 84.18,
      "InStockM": 838.4328,
      "SoonArriveT": 0,
      "SoonArriveM": 0,
      "ReservedT": 0,
      "ReservedM": 0,
      "UnderTheOrder": false,
      "AvgTubeLength": 0.91,
      "AvgTubeWeight": 9.064
    },
    {
      "ID": "10019",
      "IDStock": "7ea241c8-a1a2-4094-b57b-f814b9eea821",
      "InStockT": 28.39,
      "InStockM": 93.4031,
      "SoonArriveT": 0,
      "SoonArriveM": 0,
      "ReservedT": 0,
      "ReservedM": 0,
      "UnderTheOrder": false,
      "AvgTubeLength": 0.3,
      "AvgTubeWeight": 0.987
    },
    {
      "ID": "10020",
      "IDStock": "881fcb8e-26d4-467a-be21-f0f877e77c99",
      "InStockT": 36.41,
      "InStockM": 91.7532,
      "SoonArriveT": 0,
      "SoonArriveM": 0,
      "ReservedT": 0,
      "ReservedM": 0,
      "UnderTheOrder": false,
      "AvgTubeLength": 0.02,
      "AvgTubeWeight": 0.05
    },
    {
      "ID": "10021",
      "IDStock": "c90165d4-835c-44e0-a79a-661fc4ebcec1",
      "InStockT": 24.32,
      "InStockM": 113.088,
      "SoonArriveT": 0,
      "SoonArriveM": 0,
      "ReservedT": 0,
      "ReservedM": 0,
      "UnderTheOrder": false,
      "AvgTubeLength": 0.18,
      "AvgTubeWeight": 0.837
    },
    {
      "ID": "10022",
      "IDStock": "c90165d4-835c-44e0-a79a-661fc4ebcec1",
      "InStockT": 57.15,
      "InStockM": 30.2895,
      "SoonArriveT": 0,
      "SoonArriveM": 0,
      "ReservedT": 0,
      "ReservedM": 0,
      "UnderTheOrder": false,
      "AvgTubeLength": 0.71,
      "AvgTubeWeight": 0.376
    },
    {
      "ID": "10023",
      "IDStock": "4086fbbc-8dc9-418d-8de9-7d65ccab24a0",
      "InStockT": 66.0,
      "InStockM": 189.42,
      "SoonArriveT": 0,
      "SoonArriveM": 0,
      "ReservedT": 0,
      "ReservedM": 0,
      "UnderTheOrder": false,
      "AvgTubeLength": 0.96,
      "AvgTubeWeight": 2.755
    },
    {
      "ID": "10024",
      "IDStock": "055228a9-0eaf-42a6-b259-1fe69d19865e",
      "InStockT": 90.3,
      "InStockM": 605.01,
      "SoonArriveT": 0,
      "SoonArriveM": 0,
      "ReservedT": 0,
      "ReservedM": 0,
      "UnderTheOrder": false,
      "AvgTubeLength": 0.64,
      "AvgTubeWeight": 4.288
    },
    {
      "ID": "10025",
      "IDStock": "7ea241c8-a1a2-4094-b57b-f814b9eea821",
      "InStockT": 44.96,
      "InStockM": 103.8576,
      "SoonArriveT": 0,
      "SoonArriveM": 0,
      "ReservedT": 0,
      "ReservedM": 0,
      "UnderTheOrder": false,
      "AvgTubeLength": 0.83,
      "AvgTubeWeight": 1.917
    },
    {
      "ID": "10026",
      "IDStock": "055228a9-0eaf-42a6-b259-1fe69d19865e",
      "InStockT": 12.57,
      "InStockM": 9.6789,
      "SoonArriveT": 0,
      "SoonArriveM": 0,
      "ReservedT": 0,
      "ReservedM": 0,
      "UnderTheOrder": false,
      "AvgTubeLength": 0.41,
      "AvgTubeWeight": 0.316
    },
    {
      "ID": "10027",
      "IDStock": "4086fbbc-8dc9-418d-8de9-7d65ccab24a0",
      "InStockT": 60.57,
      "InStockM": 111.4488,
      "SoonArriveT": 0,
      "SoonArriveM": 0,
      "ReservedT": 0,
      "ReservedM": 0,
      "UnderTheOrder": false,
      "AvgTubeLength": 0.63,
      "AvgTubeWeight": 1.159
    },
    {
      "ID": "10028",
      "IDStock": "7ea241c8-a1a2-4094-b57b-f814b9eea821",
      "InStockT": 83.48,
      "InStockM": 376.4948,
      "SoonArriveT": 0,
      "SoonArriveM": 0,
      "ReservedT": 0,
      "ReservedM": 0,
      "UnderTheOrder": false,
      "AvgTubeLength": 0.98,
      "AvgTubeWeight": 4.42
    },
    {
      "ID": "10029",
      "IDStock": "4086fbbc-8dc9-418d-8de9-7d65ccab24a0",
      "InStockT": 70.02,
      "InStockM": 691.7976,
      "SoonArriveT": 0,
      "SoonArriveM": 0,
      "ReservedT": 0,
      "ReservedM": 0,
      "UnderTheOrder": false,
      "AvgTubeLength": 0.32,
      "AvgTubeWeight": 3.162
    },
    {
      "ID": "10030",
      "IDStock": "055228a9-0eaf-42a6-b259-1fe69d19865e",
      "InStockT": 95.36,
      "InStockM": 640.8192,
      "SoonArriveT": 0,
      "SoonArriveM": 0,
      "ReservedT": 0,
      "ReservedM": 0,
      "UnderTheOrder": false,
      "AvgTubeLength": 0.21,
      "AvgTubeWeight": 1.411
    },
    {
      "ID": "10031",
      "IDStock": "7ea241c8-a1a2-4094-b57b-f814b9eea821",
      "InStockT": 38.28,
      "InStockM": 358.6836,
      "SoonArriveT": 0,
      "SoonArriveM": 0,
      "ReservedT": 0,
      "ReservedM": 0,
      "UnderTheOrder": false,
      "AvgTubeLength": 0.54,
      "AvgTubeWeight": 5.06
    },
    {
      "ID": "10032",
      "IDStock": "c90165d4-835c-44e0-a79a-661fc4ebcec1",
      "InStockT": 23.37,
      "InStockM": 192.8025,
      "SoonArriveT": 0,
      "SoonArriveM": 0,
      "ReservedT": 0,
      "ReservedM": 0,
      "UnderTheOrder": false,
      "AvgTubeLength": 0.35,
      "AvgTubeWeight": 2.888
    },
    {
      "ID": "10033",
      "IDStock": "4086fbbc-8dc9-418d-8de9-7d65ccab24a0",
      "InStockT": 88.18,
      "InStockM": 246.0222,
      "SoonArriveT": 0,
      "SoonArriveM": 0,
      "ReservedT": 0,
      "ReservedM": 0,
      "UnderTheOrder": false,
      "AvgTubeLength": 0.02,
      "AvgTubeWeight": 0.056
    },
    {
      "ID": "10034",
      "IDStock": "4086fbbc-8dc9-418d-8de9-7d65ccab24a0",
      "InStockT": 75.45,
      "InStockM": 525.132,
      "SoonArriveT": 0,
      "SoonArriveM": 0,
      "ReservedT": 0,
      "ReservedM": 0,
      "UnderTheOrder": false,
      "AvgTubeLength": 0.54,
      "AvgTubeWeight": 3.758
    },
    {
      "ID": "10035",
      "IDStock": "881fcb8e-26d4-467a-be21-f0f877e77c99",
      "InStockT": 50.3,
      "InStockM": 359.645,
      "SoonArriveT": 0,
      "SoonArriveM": 0,
      "ReservedT": 0,
      "ReservedM": 0,
      "UnderTheOrder": false,
      "AvgTubeLength": 0.18,
      "AvgTubeWeight": 1.287
    },
    {
      "ID": "10036",
      "IDStock": "881fcb8e-26d4-467a-be21-f0f877e77c99",
      "InStockT": 42.39,
      "InStockM": 115.7247,
      "SoonArriveT": 0,
      "SoonArriveM": 0,
      "ReservedT": 0,
      "ReservedM": 0,
      "UnderTheOrder": false,
      "AvgTubeLength": 0.32,
      "AvgTubeWeight": 0.874
    },
    {
      "ID": "10037",
      "IDStock": "055228a9-0eaf-42a6-b259-1fe69d19865e",
      "InStockT": 13.1,
      "InStockM": 117.638,
      "SoonArriveT": 0,
      "SoonArriveM": 0,
      "ReservedT": 0,
      "ReservedM": 0,
      "UnderTheOrder": false,
      "AvgTubeLength": 0.55,
      "AvgTubeWeight": 4.939
    },
    {
      "ID": "10038",
      "IDStock": "c90165d4-835c-44e0-a79a-661fc4ebcec1",
      "InStockT": 47.76,
      "InStockM": 120.3552,
      "SoonArriveT": 0,
      "SoonArriveM": 0,
      "ReservedT": 0,
      "ReservedM": 0,
      "UnderTheOrder": false,
      "AvgTubeLength": 0.09,
      "AvgTubeWeight": 0.227
    },
    {
      "ID": "10039",
      "IDStock": "7ea241c8-a1a2-4094-b57b-f814b9eea821",
      "InStockT": 72.8,
      "InStockM": 680.68,
      "SoonArriveT": 0,
      "SoonArriveM": 0,
      "ReservedT": 0,
      "ReservedM": 0,
      "UnderTheOrder": false,
      "AvgTubeLength": 0.32,
      "AvgTubeWeight": 2.992
    },
    {
      "ID": "10040",
      "IDStock": "c90165d4-835c-44e0-a79a-661fc4ebcec1",
      "InStockT": 97.96,
      "InStockM": 515.2696,
      "SoonArriveT": 0,
      "SoonArriveM": 0,
      "ReservedT": 0,
      "ReservedM": 0,
      "UnderTheOrder": false,
      "AvgTubeLength": 0.68,
      "AvgTubeWeight": 3.577
    },
    {
      "ID": "10041",
      "IDStock": "881fcb8e-26d4-467a-be21-f0f877e77c99",
      "InStockT": 83.47,
      "InStockM": 739.5442,
      "SoonArriveT": 0,
      "SoonArriveM": 0,
      "ReservedT": 0,
      "ReservedM": 0,
      "UnderTheOrder": false,
      "AvgTubeLength": 0.79,
      "AvgTubeWeight": 6.999
    },
    {
      "ID": "10042",
      "IDStock": "4086fbbc-8dc9-418d-8de9-7d65ccab24a0",
      "InStockT": 32.21,
      "InStockM": 224.5037,
      "SoonArriveT": 0,
      "SoonArriveM": 0,
      "ReservedT": 0,
      "ReservedM": 0,
      "UnderTheOrder": false,
      "AvgTubeLength": 0.78,
      "AvgTubeWeight": 5.437
    },
    {
      "ID": "10043",
      "IDStock": "055228a9-0eaf-42a6-b259-1fe69d19865e",
      "InStockT": 6.95,
      "InStockM": 18.348,
      "SoonArriveT": 0,
      "SoonArriveM": 0,
      "ReservedT": 0,
      "ReservedM": 0,
      "UnderTheOrder": false,
      "AvgTubeLength": 0.93,
      "AvgTubeWeight": 2.455
    },
    {
      "ID": "10044",
      "IDStock": "c90165d4-835c-44e0-a79a-661fc4ebcec1",
      "InStockT": 72.52,
      "InStockM": 409.0128,
      "SoonArriveT": 0,
      "SoonArriveM": 0,
      "ReservedT": 0,
      "ReservedM": 0,
      "UnderTheOrder": false,
      "AvgTubeLength": 0.5,
      "AvgTubeWeight": 2.82
    },
    {
      "ID": "10045",
      "IDStock": "881fcb8e-26d4-467a-be21-f0f877e77c99",
      "InStockT": 62.95,
      "InStockM": 338.0415,
      "SoonArriveT": 0,
      "SoonArriveM": 0,
      "ReservedT": 0,
      "ReservedM": 0,
      "UnderTheOrder": false,
      "AvgTubeLength": 0.85,
      "AvgTubeWeight": 4.564
    },
    {
      "ID": "10046",
      "IDStock": "c90165d4-835c-44e0-a79a-661fc4ebcec1",
      "InStockT": 73.72,
      "InStockM": 468.122,
      "SoonArriveT": 0,
      "SoonArriveM": 0,
      "ReservedT": 0,
      "ReservedM": 0,
      "UnderTheOrder": false,
      "AvgTubeLength": 0.8,
      "AvgTubeWeight": 5.08
    },
    {
      "ID": "10047",
      "IDStock": "055228a9-0eaf-42a6-b259-1fe69d19865e",
      "InStockT": 78.93,
      "InStockM": 490.9446,
      "SoonArriveT": 0,
      "SoonArriveM": 0,
      "ReservedT": 0,
      "ReservedM": 0,
      "UnderTheOrder": false,
      "AvgTubeLength": 0.27,
      "AvgTubeWeight": 1.679
    },
    {
      "ID": "10048",
      "IDStock": "c90165d4-835c-44e0-a79a-661fc4ebcec1",
      "InStockT": 73.47,
      "InStockM": 454.0446,
      "SoonArriveT": 0,
      "SoonArriveM": 0,
      "ReservedT": 0,
      "ReservedM": 0,
      "UnderTheOrder": false,
      "AvgTubeLength": 0.08,
      "AvgTubeWeight": 0.494
    },
    {
      "ID": "10049",
      "IDStock": "055228a9-0eaf-42a6-b259-1fe69d19865e",
      "InStockT": 40.21,
      "InStockM": 158.4274,
      "SoonArriveT": 0,
      "SoonArriveM": 0,
      "ReservedT": 0,
      "ReservedM": 0,
      "UnderTheOrder": false,
      "AvgTubeLength": 0.1,
      "AvgTubeWeight": 0.394
    },
    {
      "ID": "10050",
      "IDStock": "4086fbbc-8dc9-418d-8de9-7d65ccab24a0",
      "InStockT": 42.21,
      "InStockM": 389.5983,
      "SoonArriveT": 0,
      "SoonArriveM": 0,
      "ReservedT": 0,
      "ReservedM": 0,
      "UnderTheOrder": false,
      "AvgTubeLength": 0.59,
      "AvgTubeWeight": 5.446
    },
    {
      "ID": "10051",
      "IDStock": "4086fbbc-8dc9-418d-8de9-7d65ccab24a0",
      "InStockT": 39.9,
      "InStockM": 70.224,
      "SoonArriveT": 0,
      "SoonArriveM": 0,
      "ReservedT": 0,
      "ReservedM": 0,
      "UnderTheOrder": false,
      "AvgTubeLength": 0.84,
      "AvgTubeWeight": 1.478
    },
    {
      "ID": "10052",
      "IDStock": "c90165d4-835c-44e0-a79a-661fc4ebcec1",
      "InStockT": 33.23,
      "InStockM": 55.4941,
      "SoonArriveT": 0,
      "SoonArriveM": 0,
      "ReservedT": 0,
      "ReservedM": 0,
      "UnderTheOrder": false,
      "AvgTubeLength": 0.99,
      "AvgTubeWeight": 1.653
    },
    {
      "ID": "10053",
      "IDStock": "7ea241c8-a1a2-4094-b57b-f814b9eea821",
      "InStockT": 28.93,
      "InStockM": 72.0357,
      "SoonArriveT": 0,
      "SoonArriveM": 0,
      "ReservedT": 0,
      "ReservedM": 0,
      "UnderTheOrder": false,
      "AvgTubeLength": 0.17,
      "AvgTubeWeight": 0.423
    },
    {
      "ID": "10054",
      "IDStock": "7ea241c8-a1a2-4094-b57b-f814b9eea821",
      "InStockT": 32.61,
      "InStockM": 217.1826,
      "SoonArriveT": 0,
      "SoonArriveM": 0,
      "ReservedT": 0,
      "ReservedM": 0,
      "UnderTheOrder": false,
      "AvgTubeLength": 0.83,
      "AvgTubeWeight": 5.528
    },
    {
      "ID": "10055",
      "IDStock": "881fcb8e-26d4-467a-be21-f0f877e77c99",
      "InStockT": 66.04,
      "InStockM": 227.838,
      "SoonArriveT": 0,
      "SoonArriveM": 0,
      "ReservedT": 0,
      "ReservedM": 0,
      "UnderTheOrder": false,
      "AvgTubeLength": 0.38,
      "AvgTubeWeight": 1.311
    },
    {
      "ID": "10056",
      "IDStock": "4086fbbc-8dc9-418d-8de9-7d65ccab24a0",
      "InStockT": 9.25,
      "InStockM": 87.2275,
      "SoonArriveT": 0,
      "SoonArriveM": 0,
      "ReservedT": 0,
      "ReservedM": 0,
      "UnderTheOrder": false,
      "AvgTubeLength": 0.03,
      "AvgTubeWeight": 0.283
    },
    {
      "ID": "10057",
      "IDStock": "c90165d4-835c-44e0-a79a-661fc4ebcec1",
      "InStockT": 67.78,
      "InStockM": 99.6366,
      "SoonArriveT": 0,
      "SoonArriveM": 0,
      "ReservedT": 0,
      "ReservedM": 0,
      "UnderTheOrder": false,
      "AvgTubeLength": 0.92,
      "AvgTubeWeight": 1.352
    },
    {
      "ID": "10058",
      "IDStock": "7ea241c8-a1a2-4094-b57b-f814b9eea821",
      "InStockT": 64.84,
      "InStockM": 142.648,
      "SoonArriveT": 0,
      "SoonArriveM": 0,
      "ReservedT": 0,
      "ReservedM": 0,
      "UnderTheOrder": false,
      "AvgTubeLength": 0.44,
      "AvgTubeWeight": 0.968
    },
    {
      "ID": "10059",
      "IDStock": "055228a9-0eaf-42a6-b259-1fe69d19865e",
      "InStockT": 58.51,
      "InStockM": 465.1545,
      "SoonArriveT": 0,
      "SoonArriveM": 0,
      "ReservedT": 0,
      "ReservedM": 0,
      "UnderTheOrder": false,
      "AvgTubeLength": 0.88,
      "AvgTubeWeight": 6.996
    },
    {
      "ID": "10060",
      "IDStock": "4086fbbc-8dc9-418d-8de9-7d65ccab24a0",
      "InStockT": 83.92,
      "InStockM": 776.26,
      "SoonArriveT": 0,
      "SoonArriveM": 0,
      "ReservedT": 0,
      "ReservedM": 0,
      "UnderTheOrder": false,
      "AvgTubeLength": 0.27,
      "AvgTubeWeight": 2.498
    },
    {
      "ID": "10061",
      "IDStock": "055228a9-0eaf-42a6-b259-1fe69d19865e",
      "InStockT": 20.42,
      "InStockM": 77.3918,
      "SoonArriveT": 0,
      "SoonArriveM": 0,
      "ReservedT": 0,
      "ReservedM": 0,
      "UnderTheOrder": false,
      "AvgTubeLength": 0.49,
      "AvgTubeWeight": 1.857
    },
    {
      "ID": "10062",
      "IDStock": "c90165d4-835c-44e0-a79a-661fc4ebcec1",
      "InStockT": 83.82,
      "InStockM": 158.4198,
      "SoonArriveT": 0,
      "SoonArriveM": 0,
      "ReservedT": 0,
      "ReservedM": 0,
      "UnderTheOrder": false,
      "AvgTubeLength": 0.62,
      "AvgTubeWeight": 1.172
    },
    {
      "ID": "10063",
      "IDStock": "7ea241c8-a1a2-4094-b57b-f814b9eea821",
      "InStockT": 43.5,
      "InStockM": 193.575,
      "SoonArriveT": 0,
      "SoonArriveM": 0,
      "ReservedT": 0,
      "ReservedM": 0,
      "UnderTheOrder": false,
      "AvgTubeLength": 0.6,
      "AvgTubeWeight": 2.67
    },
    {
      "ID": "10064",
      "IDStock": "4086fbbc-8dc9-418d-8de9-7d65ccab24a0",
      "InStockT": 64.68,
      "InStockM": 223.146,
      "SoonArriveT": 0,
      "SoonArriveM": 0,
      "ReservedT": 0,
      "ReservedM": 0,
      "UnderTheOrder": false,
      "AvgTubeLength": 0.01,
      "AvgTubeWeight": 0.035
    },
    {
      "ID": "10065",
      "IDStock": "881fcb8e-26d4-467a-be21-f0f877e77c99",
      "InStockT": 75.54,
      "InStockM": 369.3906,
      "SoonArriveT": 0,
      "SoonArriveM": 0,
      "ReservedT": 0,
      "ReservedM": 0,
      "UnderTheOrder": false,
      "AvgTubeLength": 0.23,
      "AvgTubeWeight": 1.125
    },
    {
      "ID": "10066",
      "IDStock": "4086fbbc-8dc9-418d-8de9-7d65ccab24a0",
      "InStockT": 59.46,
      "InStockM": 255.678,
      "SoonArriveT": 0,
      "SoonArriveM": 0,
      "ReservedT": 0,
      "ReservedM": 0,
      "UnderTheOrder": false,
      "AvgTubeLength": 0.8,
      "AvgTubeWeight": 3.44
    },
    {
      "ID": "10067",
      "IDStock": "7ea241c8-a1a2-4094-b57b-f814b9eea821",
      "InStockT": 72.17,
      "InStockM": 334.1471,
      "SoonArriveT": 0,
      "SoonArriveM": 0,
      "ReservedT": 0,
      "ReservedM": 0,
      "UnderTheOrder": false,
      "AvgTubeLength": 0.02,
      "AvgTubeWeight": 0.093
    },
    {
      "ID": "10068",
      "IDStock": "881fcb8e-26d4-467a-be21-f0f877e77c99",
      "InStockT": 83.94,
      "InStockM": 573.3102,
      "SoonArriveT": 0,
      "SoonArriveM": 0,
      "ReservedT": 0,
      "ReservedM": 0,
      "UnderTheOrder": false,
      "AvgTubeLength": 0.8,
      "AvgTubeWeight": 5.464
    },
    {
      "ID": "10069",
      "IDStock": "055228a9-0eaf-42a6-b259-1fe69d19865e",
      "InStockT": 46.81,
      "InStockM": 126.387,
      "SoonArriveT": 0,
      "SoonArriveM": 0,
      "ReservedT": 0,
      "ReservedM": 0,
      "UnderTheOrder": false,
      "AvgTubeLength": 0.77,
      "AvgTubeWeight": 2.079
    },
    {
      "ID": "10070",
      "IDStock": "7ea241c8-a1a2-4094-b57b-f814b9eea821",
      "InStockT": 86.7,
      "InStockM": 40.749,
      "SoonArriveT": 0,
      "SoonArriveM": 0,
      "ReservedT": 0,
      "ReservedM": 0,
      "UnderTheOrder": false,
      "AvgTubeLength": 0.67,
      "AvgTubeWeight": 0.315
    },
    {
      "ID": "10071",
      "IDStock": "055228a9-0eaf-42a6-b259-1fe69d19865e",
      "InStockT": 20.69,
      "InStockM": 55.2423,
      "SoonArriveT": 0,
      "SoonArriveM": 0,
      "ReservedT": 0,
      "ReservedM": 0,
      "UnderTheOrder": false,
      "AvgTubeLength": 0.9,
      "AvgTubeWeight": 2.403
    },
    {
      "ID": "10072",
      "IDStock": "c90165d4-835c-44e0-a79a-661fc4ebcec1",
      "InStockT": 99.14,
      "InStockM": 662.2552,
      "SoonArriveT": 0,
      "SoonArriveM": 0,
      "ReservedT": 0,
      "ReservedM": 0,
      "UnderTheOrder": false,
      "AvgTubeLength": 0.46,
      "AvgTubeWeight": 3.073
    },
    {
      "ID": "10073",
      "IDStock": "c90165d4-835c-44e0-a79a-661fc4ebcec1",
      "InStockT": 72.89,
      "InStockM": 557.6085,
      "SoonArriveT": 0,
      "SoonArriveM": 0,
      "ReservedT": 0,
      "ReservedM": 0,
      "UnderTheOrder": false,
      "AvgTubeLength": 0.99,
      "AvgTubeWeight": 7.574
    },
    {
      "ID": "10074",
      "IDStock": "c90165d4-835c-44e0-a79a-661fc4ebcec1",
      "InStockT": 85.46,
      "InStockM": 338.4216,
      "SoonArriveT": 0,
      "SoonArriveM": 0,
      "ReservedT": 0,
      "ReservedM": 0,
      "UnderTheOrder": false,
      "AvgTubeLength": 0.14,
      "AvgTubeWeight": 0.554
    },
    {
      "ID": "10075",
      "IDStock": "055228a9-0eaf-42a6-b259-1fe69d19865e",
      "InStockT": 90.25,
      "InStockM": 473.8125,
      "SoonArriveT": 0,
      "SoonArriveM": 0,
      "ReservedT": 0,
      "ReservedM": 0,
      "UnderTheOrder": false,
      "AvgTubeLength": 0.23,
      "AvgTubeWeight": 1.208
    },
    {
      "ID": "10076",
      "IDStock": "7ea241c8-a1a2-4094-b57b-f814b9eea821",
      "InStockT": 92.68,
      "InStockM": 262.2844,
      "SoonArriveT": 0,
      "SoonArriveM": 0,
      "ReservedT": 0,
      "ReservedM": 0,
      "UnderTheOrder": false,
      "AvgTubeLength": 0.05,
      "AvgTubeWeight": 0.141
    },
    {
      "ID": "10077",
      "IDStock": "c90165d4-835c-44e0-a79a-661fc4ebcec1",
      "InStockT": 17.45,
      "InStockM": 46.417,
      "SoonArriveT": 0,
      "SoonArriveM": 0,
      "ReservedT": 0,
      "ReservedM": 0,
      "UnderTheOrder": false,
      "AvgTubeLength": 0.99,
      "AvgTubeWeight": 2.633
    },
    {
      "ID": "10078",
      "IDStock": "881fcb8e-26d4-467a-be21-f0f877e77c99",
      "InStockT": 0.65,
      "InStockM": 0.546,
      "SoonArriveT": 0,
      "SoonArriveM": 0,
      "ReservedT": 0,
      "ReservedM": 0,
      "UnderTheOrder": false,
      "AvgTubeLength": 0.42,
      "AvgTubeWeight": 0.353
    },
    {
      "ID": "10079",
      "IDStock": "c90165d4-835c-44e0-a79a-661fc4ebcec1",
      "InStockT": 7.0,
      "InStockM": 10.85,
      "SoonArriveT": 0,
      "SoonArriveM": 0,
      "ReservedT": 0,
      "ReservedM": 0,
      "UnderTheOrder": false,
      "AvgTubeLength": 0.26,
      "AvgTubeWeight": 0.403
    },
    {
      "ID": "10080",
      "IDStock": "c90165d4-835c-44e0-a79a-661fc4ebcec1",
      "InStockT": 72.0,
      "InStockM": 545.04,
      "SoonArriveT": 0,
      "SoonArriveM": 0,
      "ReservedT": 0,
      "ReservedM": 0,
      "UnderTheOrder": false,
      "AvgTubeLength": 0.88,
      "AvgTubeWeight": 6.662
    },
    {
      "ID": "10081",
      "IDStock": "c90165d4-835c-44e0-a79a-661fc4ebcec1",
      "InStockT": 69.18,
      "InStockM": 219.3006,
      "SoonArriveT": 0,
      "SoonArriveM": 0,
      "ReservedT": 0,
      "ReservedM": 0,
      "UnderTheOrder": false,
      "AvgTubeLength": 0.17,
      "AvgTubeWeight": 0.539
    },
    {
      "ID": "10082",
      "IDStock": "055228a9-0eaf-42a6-b259-1fe69d19865e",
      "InStockT": 2.2,
      "InStockM": 21.208,
      "SoonArriveT": 0,
      "SoonArriveM": 0,
      "ReservedT": 0,
      "ReservedM": 0,
      "UnderTheOrder": false,
      "AvgTubeLength": 0.93,
      "AvgTubeWeight": 8.965
    },
    {
      "ID": "10083",
      "IDStock": "881fcb8e-26d4-467a-be21-f0f877e77c99",
      "InStockT": 22.12,
      "InStockM": 71.89,
      "SoonArriveT": 0,
      "SoonArriveM": 0,
      "ReservedT": 0,
      "ReservedM": 0,
      "UnderTheOrder": false,
      "AvgTubeLength": 0.48,
      "AvgTubeWeight": 1.56
    },
    {
      "ID": "10084",
      "IDStock": "c90165d4-835c-44e0-a79a-661fc4ebcec1",
      "InStockT": 69.52,
      "InStockM": 396.264,
      "SoonArriveT": 0,
      "SoonArriveM": 0,
      "ReservedT": 0,
      "ReservedM": 0,
      "UnderTheOrder": false,
      "AvgTubeLength": 0.49,
      "AvgTubeWeight": 2.793
    },
    {
      "ID": "10085",
      "IDStock": "7ea241c8-a1a2-4094-b57b-f814b9eea821",
      "InStockT": 41.74,
      "InStockM": 296.354,
      "SoonArriveT": 0,
      "SoonArriveM": 0,
      "ReservedT": 0,
      "ReservedM": 0,
      "UnderTheOrder": false,
      "AvgTubeLength": 0.12,
      "AvgTubeWeight": 0.852
    },
    {
      "ID": "10086",
      "IDStock": "4086fbbc-8dc9-418d-8de9-7d65ccab24a0",
      "InStockT": 85.03,
      "InStockM": 121.5929,
      "SoonArriveT": 0,
      "SoonArriveM": 0,
      "ReservedT": 0,
      "ReservedM": 0,
      "UnderTheOrder": false,
      "AvgTubeLength": 0.36,
      "AvgTubeWeight": 0.515
    },
    {
      "ID": "10087",
      "IDStock": "881fcb8e-26d4-467a-be21-f0f877e77c99",
      "InStockT": 11.78,
      "InStockM": 53.3634,
      "SoonArriveT": 0,
      "SoonArriveM": 0,
      "ReservedT": 0,
      "ReservedM": 0,
      "UnderTheOrder": false,
      "AvgTubeLength": 0.64,
      "AvgTubeWeight": 2.899
    },
    {
      "ID": "10088",
      "IDStock": "7ea241c8-a1a2-4094-b57b-f814b9eea821",
      "InStockT": 42.65,
      "InStockM": 193.631,
      "SoonArriveT": 0,
      "SoonArriveM": 0,
      "ReservedT": 0,
      "ReservedM": 0,
      "UnderTheOrder": false,
      "AvgTubeLength": 0.71,
      "AvgTubeWeight": 3.223
    },
    {
      "ID": "10089",
      "IDStock": "881fcb8e-26d4-467a-be21-f0f877e77c99",
      "InStockT": 73.8,
      "InStockM": 360.882,
      "SoonArriveT": 0,
      "SoonArriveM": 0,
      "ReservedT": 0,
      "ReservedM": 0,
      "UnderTheOrder": false,
      "AvgTubeLength": 0.73,
      "AvgTubeWeight": 3.57
    },
    {
      "ID": "10090",
      "IDStock": "c90165d4-835c-44e0-a79a-661fc4ebcec1",
      "InStockT": 69.07,
      "InStockM": 674.1232,
      "SoonArriveT": 0,
      "SoonArriveM": 0,
      "ReservedT": 0,
      "ReservedM": 0,
      "UnderTheOrder": false,
      "AvgTubeLength": 0.63,
      "AvgTubeWeight": 6.149
    },
    {
      "ID": "10091",
      "IDStock": "881fcb8e-26d4-467a-be21-f0f877e77c99",
      "InStockT": 77.15,
      "InStockM": 158.929,
      "SoonArriveT": 0,
      "SoonArriveM": 0,
      "ReservedT": 0,
      "ReservedM": 0,
      "UnderTheOrder": false,
      "AvgTubeLength": 0.73,
      "AvgTubeWeight": 1.504
    },
    {
      "ID": "10092",
      "IDStock": "055228a9-0eaf-42a6-b259-1fe69d19865e",
      "InStockT": 73.81,
      "InStockM": 286.3828,
      "SoonArriveT": 0,
      "SoonArriveM": 0,
      "ReservedT": 0,
      "ReservedM": 0,
      "UnderTheOrder": false,
      "AvgTubeLength": 0.59,
      "AvgTubeWeight": 2.289
    },
    {
      "ID": "10093",
      "IDStock": "881fcb8e-26d4-467a-be21-f0f877e77c99",
      "InStockT": 29.03,
      "InStockM": 274.6238,
      "SoonArriveT": 0,
      "SoonArriveM": 0,
      "ReservedT": 0,
      "ReservedM": 0,
      "UnderTheOrder": false,
      "AvgTubeLength": 0.12,
      "AvgTubeWeight": 1.135
    },
    {
      "ID": "10094",
      "IDStock": "7ea241c8-a1a2-4094-b57b-f814b9eea821",
      "InStockT": 99.22,
      "InStockM": 68.4618,
      "SoonArriveT": 0,
      "SoonArriveM": 0,
      "ReservedT": 0,
      "ReservedM": 0,
      "UnderTheOrder": false,
      "AvgTubeLength": 0.94,
      "AvgTubeWeight": 0.649
    },
    {
      "ID": "10095",
      "IDStock": "7ea241c8-a1a2-4094-b57b-f814b9eea821",
      "InStockT": 44.42,
      "InStockM": 223.4326,
      "SoonArriveT": 0,
      "SoonArriveM": 0,
      "ReservedT": 0,
      "ReservedM": 0,
      "UnderTheOrder": false,
      "AvgTubeLength": 0.01,
      "AvgTubeWeight": 0.05
    },
    {
      "ID": "10096",
      "IDStock": "881fcb8e-26d4-467a-be21-f0f877e77c99",
      "InStockT": 70.44,
      "InStockM": 424.7532,
      "SoonArriveT": 0,
      "SoonArriveM": 0,
      "ReservedT": 0,
      "ReservedM": 0,
      "UnderTheOrder": false,
      "AvgTubeLength": 0.44,
      "AvgTubeWeight": 2.653
    },
    {
      "ID": "10097",
      "IDStock": "4086fbbc-8dc9-418d-8de9-7d65ccab24a0",
      "InStockT": 96.11,
      "InStockM": 600.6875,
      "SoonArriveT": 0,
      "SoonArriveM": 0,
      "ReservedT": 0,
      "ReservedM": 0,
      "UnderTheOrder": false,
      "AvgTubeLength": 0.66,
      "AvgTubeWeight": 4.125
    },
    {
      "ID": "10098",
      "IDStock": "055228a9-0eaf-42a6-b259-1fe69d19865e",
      "InStockT": 45.43,
      "InStockM": 125.8411,
      "SoonArriveT": 0,
      "SoonArriveM": 0,
      "ReservedT": 0,
      "ReservedM": 0,
      "UnderTheOrder": false,
      "AvgTubeLength": 0.72,
      "AvgTubeWeight": 1.994
    },
    {
      "ID": "10099",
      "IDStock": "055228a9-0eaf-42a6-b259-1fe69d19865e",
      "InStockT": 64.74,
      "InStockM": 331.4688,
      "SoonArriveT": 0,
      "SoonArriveM": 0,
      "ReservedT": 0,
      "ReservedM": 0,
      "UnderTheOrder": false,
      "AvgTubeLength": 0.96,
      "AvgTubeWeight": 4.915
    },
    {
      "ID": "10100",
      "IDStock": "c90165d4-835c-44e0-a79a-661fc4ebcec1",
      "InStockT": 64.95,
      "InStockM": 376.71,
      "SoonArriveT": 0,
      "SoonArriveM": 0,
      "ReservedT": 0,
      "ReservedM": 0,
      "UnderTheOrder": false,
      "AvgTubeLength": 0.82,
      "AvgTubeWeight": 4.756
    },
    {
      "ID": "10101",
      "IDStock": "7ea241c8-a1a2-4094-b57b-f814b9eea821",
      "InStockT": 88.72,
      "InStockM": 283.0168,
      "SoonArriveT": 0,
      "SoonArriveM": 0,
      "ReservedT": 0,
      "ReservedM": 0,
      "UnderTheOrder": false,
      "AvgTubeLength": 0.96,
      "AvgTubeWeight": 3.062
    },
    {
      "ID": "10102",
      "IDStock": "7ea241c8-a1a2-4094-b57b-f814b9eea821",
      "InStockT": 2.6,
      "InStockM": 18.33,
      "SoonArriveT": 0,
      "SoonArriveM": 0,
      "ReservedT": 0,
      "ReservedM": 0,
      "UnderTheOrder": false,
      "AvgTubeLength": 0.65,
      "AvgTubeWeight": 4.582
    },
    {
      "ID": "10103",
      "IDStock": "c90165d4-835c-44e0-a79a-661fc4ebcec1",
      "InStockT": 14.29,
      "InStockM": 93.0279,
      "SoonArriveT": 0,
      "SoonArriveM": 0,
      "ReservedT": 0,
      "ReservedM": 0,
      "UnderTheOrder": false,
      "AvgTubeLength": 0.34,
      "AvgTubeWeight": 2.213
    },
    {
      "ID": "10104",
      "IDStock": "055228a9-0eaf-42a6-b259-1fe69d19865e",
      "InStockT": 14.77,
      "InStockM": 7.2373,
      "SoonArriveT": 0,
      "SoonArriveM": 0,
      "ReservedT": 0,
      "ReservedM": 0,
      "UnderTheOrder": false,
      "AvgTubeLength": 0.53,
      "AvgTubeWeight": 0.26
    },
    {
      "ID": "10105",
      "IDStock": "c90165d4-835c-44e0-a79a-661fc4ebcec1",
      "InStockT": 45.51,
      "InStockM": 31.4019,
      "SoonArriveT": 0,
      "SoonArriveM": 0,
      "ReservedT": 0,
      "ReservedM": 0,
      "UnderTheOrder": false,
      "AvgTubeLength": 0.91,
      "AvgTubeWeight": 0.628
    },
    {
      "ID": "10106",
      "IDStock": "881fcb8e-26d4-467a-be21-f0f877e77c99",
      "InStockT": 90.66,
      "InStockM": 642.7794,
      "SoonArriveT": 0,
      "SoonArriveM": 0,
      "ReservedT": 0,
      "ReservedM": 0,
      "UnderTheOrder": false,
      "AvgTubeLength": 0.67,
      "AvgTubeWeight": 4.75
    },
    {
      "ID": "10107",
      "IDStock": "881fcb8e-26d4-467a-be21-f0f877e77c99",
      "InStockT": 94.24,
      "InStockM": 553.1888,
      "SoonArriveT": 0,
      "SoonArriveM": 0,
      "ReservedT": 0,
      "ReservedM": 0,
      "UnderTheOrder": false,
      "AvgTubeLength": 0.13,
      "AvgTubeWeight": 0.763
    },
    {
      "ID": "10108",
      "IDStock": "055228a9-0eaf-42a6-b259-1fe69d19865e",
      "InStockT": 2.31,
      "InStockM": 22.869,
      "SoonArriveT": 0,
      "SoonArriveM": 0,
      "ReservedT": 0,
      "ReservedM": 0,
      "UnderTheOrder": false,
      "AvgTubeLength": 0.64,
      "AvgTubeWeight": 6.336
    },
    {
      "ID": "10109",
      "IDStock": "881fcb8e-26d4-467a-be21-f0f877e77c99",
      "InStockT": 30.16,
      "InStockM": 51.5736,
      "SoonArriveT": 0,
      "SoonArriveM": 0,
      "ReservedT": 0,
      "ReservedM": 0,
      "UnderTheOrder": false,
      "AvgTubeLength": 0.62,
      "AvgTubeWeight": 1.06
    },
    {
      "ID": "10110",
      "IDStock": "7ea241c8-a1a2-4094-b57b-f814b9eea821",
      "InStockT": 54.53,
      "InStockM": 488.0435,
      "SoonArriveT": 0,
      "SoonArriveM": 0,
      "ReservedT": 0,
      "ReservedM": 0,
      "UnderTheOrder": false,
      "AvgTubeLength": 0.95,
      "AvgTubeWeight": 8.502
    },
    {
      "ID": "10111",
      "IDStock": "7ea241c8-a1a2-4094-b57b-f814b9eea821",
      "InStockT": 30.77,
      "InStockM": 73.5403,
      "SoonArriveT": 0,
      "SoonArriveM": 0,
      "ReservedT": 0,
      "ReservedM": 0,
      "UnderTheOrder": false,
      "AvgTubeLength": 0.6,
      "AvgTubeWeight": 1.434
    },
    {
      "ID": "10112",
      "IDStock": "7ea241c8-a1a2-4094-b57b-f814b9eea821",
      "InStockT": 34.99,
      "InStockM": 221.8366,
      "SoonArriveT": 0,
      "SoonArriveM": 0,
      "ReservedT": 0,
      "ReservedM": 0,
      "UnderTheOrder": false,
      "AvgTubeLength": 0.45,
      "AvgTubeWeight": 2.853
    },
    {
      "ID": "10113",
      "IDStock": "881fcb8e-26d4-467a-be21-f0f877e77c99",
      "InStockT": 31.35,
      "InStockM": 51.7275,
      "SoonArriveT": 0,
      "SoonArriveM": 0,
      "ReservedT": 0,
      "ReservedM": 0,
      "UnderTheOrder": false,
      "AvgTubeLength": 0.46,
      "AvgTubeWeight": 0.759
    },
    {
      "ID": "10114",
      "IDStock": "055228a9-0eaf-42a6-b259-1fe69d19865e",
      "InStockT": 64.14,
      "InStockM": 75.6852,
      "SoonArriveT": 0,
      "SoonArriveM": 0,
      "ReservedT": 0,
      "ReservedM": 0,
      "UnderTheOrder": false,
      "AvgTubeLength": 0.93,
      "AvgTubeWeight": 1.097
    },
    {
      "ID": "10115",
      "IDStock": "4086fbbc-8dc9-418d-8de9-7d65ccab24a0",
      "InStockT": 75.04,
      "InStockM": 581.56,
      "SoonArriveT": 0,
      "SoonArriveM": 0,
      "ReservedT": 0,
      "ReservedM": 0,
      "UnderTheOrder": false,
      "AvgTubeLength": 0.22,
      "AvgTubeWeight": 1.705
    },
    {
      "ID": "10116",
      "IDStock": "881fcb8e-26d4-467a-be21-f0f877e77c99",
      "InStockT": 45.25,
      "InStockM": 209.055,
      "SoonArriveT": 0,
      "SoonArriveM": 0,
      "ReservedT": 0,
      "ReservedM": 0,
      "UnderTheOrder": false,
      "AvgTubeLength": 0.53,
      "AvgTubeWeight": 2.449
    },
    {
      "ID": "10117",
      "IDStock": "055228a9-0eaf-42a6-b259-1fe69d19865e",
      "InStockT": 62.75,
      "InStockM": 530.865,
      "SoonArriveT": 0,
      "SoonArriveM": 0,
      "ReservedT": 0,
      "ReservedM": 0,
      "UnderTheOrder": false,
      "AvgTubeLength": 0.05,
      "AvgTubeWeight": 0.423
    },
    {
      "ID": "10118",
      "IDStock": "055228a9-0eaf-42a6-b259-1fe69d19865e",
      "InStockT": 14.4,
      "InStockM": 69.552,
      "SoonArriveT": 0,
      "SoonArriveM": 0,
      "ReservedT": 0,
      "ReservedM": 0,
      "UnderTheOrder": false,
      "AvgTubeLength": 0.3,
      "AvgTubeWeight": 1.449
    },
    {
      "ID": "10119",
      "IDStock": "7ea241c8-a1a2-4094-b57b-f814b9eea821",
      "InStockT": 3.22,
      "InStockM": 19.7064,
      "SoonArriveT": 0,
      "SoonArriveM": 0,
      "ReservedT": 0,
      "ReservedM": 0,
      "UnderTheOrder": false,
      "AvgTubeLength": 0.75,
      "AvgTubeWeight": 4.59
    },
    {
      "ID": "10120",
      "IDStock": "7ea241c8-a1a2-4094-b57b-f814b9eea821",
      "InStockT": 90.5,
      "InStockM": 183.715,
      "SoonArriveT": 0,
      "SoonArriveM": 0,
      "ReservedT": 0,
      "ReservedM": 0,
      "UnderTheOrder": false,
      "AvgTubeLength": 0.68,
      "AvgTubeWeight": 1.38
    },
    {
      "ID": "10121",
      "IDStock": "055228a9-0eaf-42a6-b259-1fe69d19865e",
      "InStockT": 63.02,
      "InStockM": 161.3312,
      "SoonArriveT": 0,
      "SoonArriveM": 0,
      "ReservedT": 0,
      "ReservedM": 0,
      "UnderTheOrder": false,
      "AvgTubeLength": 0.27,
      "AvgTubeWeight": 0.691
    },
    {
      "ID": "10122",
      "IDStock": "7ea241c8-a1a2-4094-b57b-f814b9eea821",
      "InStockT": 25.24,
      "InStockM": 87.3304,
      "SoonArriveT": 0,
      "SoonArriveM": 0,
      "ReservedT": 0,
      "ReservedM": 0,
      "UnderTheOrder": false,
      "AvgTubeLength": 0.99,
      "AvgTubeWeight": 3.425
    },
    {
      "ID": "10123",
      "IDStock": "4086fbbc-8dc9-418d-8de9-7d65ccab24a0",
      "InStockT": 16.5,
      "InStockM": 68.97,
      "SoonArriveT": 0,
      "SoonArriveM": 0,
      "ReservedT": 0,
      "ReservedM": 0,
      "UnderTheOrder": false,
      "AvgTubeLength": 0.18,
      "AvgTubeWeight": 0.752
    },
    {
      "ID": "10124",
      "IDStock": "881fcb8e-26d4-467a-be21-f0f877e77c99",
      "InStockT": 53.16,
      "InStockM": 446.0124,
      "SoonArriveT": 0,
      "SoonArriveM": 0,
      "ReservedT": 0,
      "ReservedM": 0,
      "UnderTheOrder": false,
      "AvgTubeLength": 0.95,
      "AvgTubeWeight": 7.971
    },
    {
      "ID": "10125",
      "IDStock": "4086fbbc-8dc9-418d-8de9-7d65ccab24a0",
      "InStockT": 95.84,
      "InStockM": 660.3376,
      "SoonArriveT": 0,
      "SoonArriveM": 0,
      "ReservedT": 0,
      "ReservedM": 0,
      "UnderTheOrder": false,
      "AvgTubeLength": 0.23,
      "AvgTubeWeight": 1.585
    },
    {
      "ID": "10126",
      "IDStock": "c90165d4-835c-44e0-a79a-661fc4ebcec1",
      "InStockT": 41.58,
      "InStockM": 129.7296,
      "SoonArriveT": 0,
      "SoonArriveM": 0,
      "ReservedT": 0,
      "ReservedM": 0,
      "UnderTheOrder": false,
      "AvgTubeLength": 0.18,
      "AvgTubeWeight": 0.562
    },
    {
      "ID": "10127",
      "IDStock": "881fcb8e-26d4-467a-be21-f0f877e77c99",
      "InStockT": 41.04,
      "InStockM": 45.9648,
      "SoonArriveT": 0,
      "SoonArriveM": 0,
      "ReservedT": 0,
      "ReservedM": 0,
      "UnderTheOrder": false,
      "AvgTubeLength": 0.77,
      "AvgTubeWeight": 0.862
    },
    {
      "ID": "10128",
      "IDStock": "7ea241c8-a1a2-4094-b57b-f814b9eea821",
      "InStockT": 40.66,
      "InStockM": 243.5534,
      "SoonArriveT": 0,
      "SoonArriveM": 0,
      "ReservedT": 0,
      "ReservedM": 0,
      "UnderTheOrder": false,
      "AvgTubeLength": 0.66,
      "AvgTubeWeight": 3.953
    },
    {
      "ID": "10129",
      "IDStock": "4086fbbc-8dc9-418d-8de9-7d65ccab24a0",
      "InStockT": 49.89,
      "InStockM": 342.7443,
      "SoonArriveT": 0,
      "SoonArriveM": 0,
      "ReservedT": 0,
      "ReservedM": 0,
      "UnderTheOrder": false,
      "AvgTubeLength": 0.31,
      "AvgTubeWeight": 2.13
    },
    {
      "ID": "10130",
      "IDStock": "055228a9-0eaf-42a6-b259-1fe69d19865e",
      "InStockT": 33.34,
      "InStockM": 79.0158,
      "SoonArriveT": 0,
      "SoonArriveM": 0,
      "ReservedT": 0,
      "ReservedM": 0,
      "UnderTheOrder": false,
      "AvgTubeLength": 0.3,
      "AvgTubeWeight": 0.711
    },
    {
      "ID": "10131",
      "IDStock": "7ea241c8-a1a2-4094-b57b-f814b9eea821",
      "InStockT": 28.01,
      "InStockM": 241.4462,
      "SoonArriveT": 0,
      "SoonArriveM": 0,
      "ReservedT": 0,
      "ReservedM": 0,
      "UnderTheOrder": false,
      "AvgTubeLength": 1.0,
      "AvgTubeWeight": 8.62
    },
    {
      "ID": "10132",
      "IDStock": "c90165d4-835c-44e0-a79a-661fc4ebcec1",
      "InStockT": 85.41,
      "InStockM": 824.2065,
      "SoonArriveT": 0,
      "SoonArriveM": 0,
      "ReservedT": 0,
      "ReservedM": 0,
      "UnderTheOrder": false,
      "AvgTubeLength": 0.37,
      "AvgTubeWeight": 3.571
    },
    {
      "ID": "10133",
      "IDStock": "7ea241c8-a1a2-4094-b57b-f814b9eea821",
      "InStockT": 38.83,
      "InStockM": 16.6969,
      "SoonArriveT": 0,
      "SoonArriveM": 0,
      "ReservedT": 0,
      "ReservedM": 0,
      "UnderTheOrder": false,
      "AvgTubeLength": 0.13,
      "AvgTubeWeight": 0.056
    },
    {
      "ID": "10134",
      "IDStock": "c90165d4-835c-44e0-a79a-661fc4ebcec1",
      "InStockT": 95.45,
      "InStockM": 216.6715,
      "SoonArriveT": 0,
      "SoonArriveM": 0,
      "ReservedT": 0,
      "ReservedM": 0,
      "UnderTheOrder": false,
      "AvgTubeLength": 0.05,
      "AvgTubeWeight": 0.114
    },
    {
      "ID": "10135",
      "IDStock": "c90165d4-835c-44e0-a79a-661fc4ebcec1",
      "InStockT": 53.58,
      "InStockM": 45.543,
      "SoonArriveT": 0,
      "SoonArriveM": 0,
      "ReservedT": 0,
      "ReservedM": 0,
      "UnderTheOrder": false,
      "AvgTubeLength": 0.62,
      "AvgTubeWeight": 0.527
    },
    {
      "ID": "10136",
      "IDStock": "7ea241c8-a1a2-4094-b57b-f814b9eea821",
      "InStockT": 44.85,
      "InStockM": 299.1495,
      "SoonArriveT": 0,
      "SoonArriveM": 0,
      "ReservedT": 0,
      "ReservedM": 0,
      "UnderTheOrder": false,
      "AvgTubeLength": 0.89,
      "AvgTubeWeight": 5.936
    },
    {
      "ID": "10137",
      "IDStock": "c90165d4-835c-44e0-a79a-661fc4ebcec1",
      "InStockT": 1.33,
      "InStockM": 10.64,
      "SoonArriveT": 0,
      "SoonArriveM": 0,
      "ReservedT": 0,
      "ReservedM": 0,
      "UnderTheOrder": false,
      "AvgTubeLength": 0.55,
      "AvgTubeWeight": 4.4
    },
    {
      "ID": "10138",
      "IDStock": "4086fbbc-8dc9-418d-8de9-7d65ccab24a0",
      "InStockT": 47.82,
      "InStockM": 304.1352,
      "SoonArriveT": 0,
      "SoonArriveM": 0,
      "ReservedT": 0,
      "ReservedM": 0,
      "UnderTheOrder": false,
      "AvgTubeLength": 0.35,
      "AvgTubeWeight": 2.226
    },
    {
      "ID": "10139",
      "IDStock": "881fcb8e-26d4-467a-be21-f0f877e77c99",
      "InStockT": 18.94,
      "InStockM": 85.23,
      "SoonArriveT": 0,
      "SoonArriveM": 0,
      "ReservedT": 0,
      "ReservedM": 0,
      "UnderTheOrder": false,
      "AvgTubeLength": 0.63,
      "AvgTubeWeight": 2.835
    },
    {
      "ID": "10140",
      "IDStock": "4086fbbc-8dc9-418d-8de9-7d65ccab24a0",
      "InStockT": 1.38,
      "InStockM": 9.453,
      "SoonArriveT": 0,
      "SoonArriveM": 0,
      "ReservedT": 0,
      "ReservedM": 0,
      "UnderTheOrder": false,
      "AvgTubeLength": 0.27,
      "AvgTubeWeight": 1.849
    },
    {
      "ID": "10141",
      "IDStock": "c90165d4-835c-44e0-a79a-661fc4ebcec1",
      "InStockT": 1.08,
      "InStockM": 2.7108,
      "SoonArriveT": 0,
      "SoonArriveM": 0,
      "ReservedT": 0,
      "ReservedM": 0,
      "UnderTheOrder": false,
      "AvgTubeLength": 0.71,
      "AvgTubeWeight": 1.782
    },
    {
      "ID": "10142",
      "IDStock": "4086fbbc-8dc9-418d-8de9-7d65ccab24a0",
      "InStockT": 35.37,
      "InStockM": 24.759,
      "SoonArriveT": 0,
      "SoonArriveM": 0,
      "ReservedT": 0,
      "ReservedM": 0,
      "UnderTheOrder": false,
      "AvgTubeLength": 0.38,
      "AvgTubeWeight": 0.266
    },
    {
      "ID": "10143",
      "IDStock": "4086fbbc-8dc9-418d-8de9-7d65ccab24a0",
      "InStockT": 50.24,
      "InStockM": 439.0976,
      "SoonArriveT": 0,
      "SoonArriveM": 0,
      "ReservedT": 0,
      "ReservedM": 0,
      "UnderTheOrder": false,
      "AvgTubeLength": 0.28,
      "AvgTubeWeight": 2.447
    },
    {
      "ID": "10144",
      "IDStock": "055228a9-0eaf-42a6-b259-1fe69d19865e",
      "InStockT": 62.44,
      "InStockM": 156.1,
      "SoonArriveT": 0,
      "SoonArriveM": 0,
      "ReservedT": 0,
      "ReservedM": 0,
      "UnderTheOrder": false,
      "AvgTubeLength": 0.82,
      "AvgTubeWeight": 2.05
    },
    {
      "ID": "10145",
      "IDStock": "881fcb8e-26d4-467a-be21-f0f877e77c99",
      "InStockT": 26.73,
      "InStockM": 251.262,
      "SoonArriveT": 0,
      "SoonArriveM": 0,
      "ReservedT": 0,
      "ReservedM": 0,
      "UnderTheOrder": false,
      "AvgTubeLength": 0.97,
      "AvgTubeWeight": 9.118
    },
    {
      "ID": "10146",
      "IDStock": "4086fbbc-8dc9-418d-8de9-7d65ccab24a0",
      "InStockT": 28.04,
      "InStockM": 107.954,
      "SoonArriveT": 0,
      "SoonArriveM": 0,
      "ReservedT": 0,
      "ReservedM": 0,
      "UnderTheOrder": false,
      "AvgTubeLength": 0.59,
      "AvgTubeWeight": 2.272
    },
    {
      "ID": "10147",
      "IDStock": "7ea241c8-a1a2-4094-b57b-f814b9eea821",
      "InStockT": 98.66,
      "InStockM": 517.965,
      "SoonArriveT": 0,
      "SoonArriveM": 0,
      "ReservedT": 0,
      "ReservedM": 0,
      "UnderTheOrder": false,
      "AvgTubeLength": 0.05,
      "AvgTubeWeight": 0.263
    },
    {
      "ID": "10148",
      "IDStock": "881fcb8e-26d4-467a-be21-f0f877e77c99",
      "InStockT": 60.44,
      "InStockM": 508.3004,
      "SoonArriveT": 0,
      "SoonArriveM": 0,
      "ReservedT": 0,
      "ReservedM": 0,
      "UnderTheOrder": false,
      "AvgTubeLength": 0.1,
      "AvgTubeWeight": 0.841
    },
    {
      "ID": "10149",
      "IDStock": "c90165d4-835c-44e0-a79a-661fc4ebcec1",
      "InStockT": 91.96,
      "InStockM": 605.0968,
      "SoonArriveT": 0,
      "SoonArriveM": 0,
      "ReservedT": 0,
      "ReservedM": 0,
      "UnderTheOrder": false,
      "AvgTubeLength": 0.95,
      "AvgTubeWeight": 6.251
    },
    {
      "ID": "10150",
      "IDStock": "c90165d4-835c-44e0-a79a-661fc4ebcec1",
      "InStockT": 20.73,
      "InStockM": 142.2078,
      "SoonArriveT": 0,
      "SoonArriveM": 0,
      "ReservedT": 0,
      "ReservedM": 0,
      "UnderTheOrder": false,
      "AvgTubeLength": 0.65,
      "AvgTubeWeight": 4.459
    },
    {
      "ID": "10151",
      "IDStock": "055228a9-0eaf-42a6-b259-1fe69d19865e",
      "InStockT": 40.37,
      "InStockM": 331.4377,
      "SoonArriveT": 0,
      "SoonArriveM": 0,
      "ReservedT": 0,
      "ReservedM": 0,
      "UnderTheOrder": false,
      "AvgTubeLength": 0.71,
      "AvgTubeWeight": 5.829
    },
    {
      "ID": "10152",
      "IDStock": "c90165d4-835c-44e0-a79a-661fc4ebcec1",
      "InStockT": 52.81,
      "InStockM": 100.8671,
      "SoonArriveT": 0,
      "SoonArriveM": 0,
      "ReservedT": 0,
      "ReservedM": 0,
      "UnderTheOrder": false,
      "AvgTubeLength": 0.92,
      "AvgTubeWeight": 1.757
    },
    {
      "ID": "10153",
      "IDStock": "055228a9-0eaf-42a6-b259-1fe69d19865e",
      "InStockT": 35.45,
      "InStockM": 159.525,
      "SoonArriveT": 0,
      "SoonArriveM": 0,
      "ReservedT": 0,
      "ReservedM": 0,
      "UnderTheOrder": false,
      "AvgTubeLength": 0.52,
      "AvgTubeWeight": 2.34
    },
    {
      "ID": "10154",
      "IDStock": "881fcb8e-26d4-467a-be21-f0f877e77c99",
      "InStockT": 33.38,
      "InStockM": 109.8202,
      "SoonArriveT": 0,
      "SoonArriveM": 0,
      "ReservedT": 0,
      "ReservedM": 0,
      "UnderTheOrder": false,
      "AvgTubeLength": 0.5,
      "AvgTubeWeight": 1.645
    },
    {
      "ID": "10155",
      "IDStock": "055228a9-0eaf-42a6-b259-1fe69d19865e",
      "InStockT": 76.55,
      "InStockM": 329.9305,
      "SoonArriveT": 0,
      "SoonArriveM": 0,
      "ReservedT": 0,
      "ReservedM": 0,
      "UnderTheOrder": false,
      "AvgTubeLength": 0.23,
      "AvgTubeWeight": 0.991
    },
    {
      "ID": "10156",
      "IDStock": "4086fbbc-8dc9-418d-8de9-7d65ccab24a0",
      "InStockT": 21.96,
      "InStockM": 61.0488,
      "SoonArriveT": 0,
      "SoonArriveM": 0,
      "ReservedT": 0,
      "ReservedM": 0,
      "UnderTheOrder": false,
      "AvgTubeLength": 0.34,
      "AvgTubeWeight": 0.945
    },
    {
      "ID": "10157",
      "IDStock": "c90165d4-835c-44e0-a79a-661fc4ebcec1",
      "InStockT": 20.86,
      "InStockM": 126.6202,
      "SoonArriveT": 0,
      "SoonArriveM": 0,
      "ReservedT": 0,
      "ReservedM": 0,
      "UnderTheOrder": false,
      "AvgTubeLength": 0.81,
      "AvgTubeWeight": 4.917
    },
    {
      "ID": "10158",
      "IDStock": "881fcb8e-26d4-467a-be21-f0f877e77c99",
      "InStockT": 10.9,
      "InStockM": 100.171,
      "SoonArriveT": 0,
      "SoonArriveM": 0,
      "ReservedT": 0,
      "ReservedM": 0,
      "UnderTheOrder": false,
      "AvgTubeLength": 0.32,
      "AvgTubeWeight": 2.941
    },
    {
      "ID": "10159",
      "IDStock": "4086fbbc-8dc9-418d-8de9-7d65ccab24a0",
      "InStockT": 33.36,
      "InStockM": 90.7392,
      "SoonArriveT": 0,
      "SoonArriveM": 0,
      "ReservedT": 0,
      "ReservedM": 0,
      "UnderTheOrder": false,
      "AvgTubeLength": 0.87,
      "AvgTubeWeight": 2.366
    },
    {
      "ID": "10160",
      "IDStock": "4086fbbc-8dc9-418d-8de9-7d65ccab24a0",
      "InStockT": 75.33,
      "InStockM": 251.6022,
      "SoonArriveT": 0,
      "SoonArriveM": 0,
      "ReservedT": 0,
      "ReservedM": 0,
      "UnderTheOrder": false,
      "AvgTubeLength": 0.67,
      "AvgTubeWeight": 2.238
    },
    {
      "ID": "10161",
      "IDStock": "881fcb8e-26d4-467a-be21-f0f877e77c99",
      "InStockT": 36.87,
      "InStockM": 248.5038,
      "SoonArriveT": 0,
      "SoonArriveM": 0,
      "ReservedT": 0,
      "ReservedM": 0,
      "UnderTheOrder": false,
      "AvgTubeLength": 0.18,
      "AvgTubeWeight": 1.213
    },
    {
      "ID": "10162",
      "IDStock": "c90165d4-835c-44e0-a79a-661fc4ebcec1",
      "InStockT": 23.22,
      "InStockM": 72.2142,
      "SoonArriveT": 0,
      "SoonArriveM": 0,
      "ReservedT": 0,
      "ReservedM": 0,
      "UnderTheOrder": false,
      "AvgTubeLength": 0.54,
      "AvgTubeWeight": 1.679
    },
    {
      "ID": "10163",
      "IDStock": "881fcb8e-26d4-467a-be21-f0f877e77c99",
      "InStockT": 61.98,
      "InStockM": 317.9574,
      "SoonArriveT": 0,
      "SoonArriveM": 0,
      "ReservedT": 0,
      "ReservedM": 0,
      "UnderTheOrder": false,
      "AvgTubeLength": 0.13,
      "AvgTubeWeight": 0.667
    },
    {
      "ID": "10164",
      "IDStock": "7ea241c8-a1a2-4094-b57b-f814b9eea821",
      "InStockT": 45.33,
      "InStockM": 380.3187,
      "SoonArriveT": 0,
      "SoonArriveM": 0,
      "ReservedT": 0,
      "ReservedM": 0,
      "UnderTheOrder": false,
      "AvgTubeLength": 0.46,
      "AvgTubeWeight": 3.859
    },
    {
      "ID": "10165",
      "IDStock": "c90165d4-835c-44e0-a79a-661fc4ebcec1",
      "InStockT": 97.14,
      "InStockM": 429.3588,
      "SoonArriveT": 0,
      "SoonArriveM": 0,
      "ReservedT": 0,
      "ReservedM": 0,
      "UnderTheOrder": false,
      "AvgTubeLength": 0.26,
      "AvgTubeWeight": 1.149
    },
    {
      "ID": "10166",
      "IDStock": "4086fbbc-8dc9-418d-8de9-7d65ccab24a0",
      "InStockT": 65.25,
      "InStockM": 399.33,
      "SoonArriveT": 0,
      "SoonArriveM": 0,
      "ReservedT": 0,
      "ReservedM": 0,
      "UnderTheOrder": false,
      "AvgTubeLength": 0.85,
      "AvgTubeWeight": 5.202
    },
    {
      "ID": "10167",
      "IDStock": "881fcb8e-26d4-467a-be21-f0f877e77c99",
      "InStockT": 38.58,
      "InStockM": 219.906,
      "SoonArriveT": 0,
      "SoonArriveM": 0,
      "ReservedT": 0,
      "ReservedM": 0,
      "UnderTheOrder": false,
      "AvgTubeLength": 0.75,
      "AvgTubeWeight": 4.275
    },
    {
      "ID": "10168",
      "IDStock": "055228a9-0eaf-42a6-b259-1fe69d19865e",
      "InStockT": 89.38,
      "InStockM": 468.3512,
      "SoonArriveT": 0,
      "SoonArriveM": 0,
      "ReservedT": 0,
      "ReservedM": 0,
      "UnderTheOrder": false,
      "AvgTubeLength": 0.53,
      "AvgTubeWeight": 2.777
    },
    {
      "ID": "10169",
      "IDStock": "881fcb8e-26d4-467a-be21-f0f877e77c99",
      "InStockT": 40.36,
      "InStockM": 385.8416,
      "SoonArriveT": 0,
      "SoonArriveM": 0,
      "ReservedT": 0,
      "ReservedM": 0,
      "UnderTheOrder": false,
      "AvgTubeLength": 0.92,
      "AvgTubeWeight": 8.795
    },
    {
      "ID": "10170",
      "IDStock": "055228a9-0eaf-42a6-b259-1fe69d19865e",
      "InStockT": 56.93,
      "InStockM": 99.6275,
      "SoonArriveT": 0,
      "SoonArriveM": 0,
      "ReservedT": 0,
      "ReservedM": 0,
      "UnderTheOrder": false,
      "AvgTubeLength": 0.19,
      "AvgTubeWeight": 0.333
    },
    {
      "ID": "10171",
      "IDStock": "7ea241c8-a1a2-4094-b57b-f814b9eea821",
      "InStockT": 64.34,
      "InStockM": 72.7042,
      "SoonArriveT": 0,
      "SoonArriveM": 0,
      "ReservedT": 0,
      "ReservedM": 0,
      "UnderTheOrder": false,
      "AvgTubeLength": 0.73,
      "AvgTubeWeight": 0.825
    },
    {
      "ID": "10172",
      "IDStock": "881fcb8e-26d4-467a-be21-f0f877e77c99",
      "InStockT": 89.91,
      "InStockM": 330.8688,
      "SoonArriveT": 0,
      "SoonArriveM": 0,
      "ReservedT": 0,
      "ReservedM": 0,
      "UnderTheOrder": false,
      "AvgTubeLength": 0.93,
      "AvgTubeWeight": 3.422
    },
    {
      "ID": "10173",
      "IDStock": "881fcb8e-26d4-467a-be21-f0f877e77c99",
      "InStockT": 30.19,
      "InStockM": 153.0633,
      "SoonArriveT": 0,
      "SoonArriveM": 0,
      "ReservedT": 0,
      "ReservedM": 0,
      "UnderTheOrder": false,
      "AvgTubeLength": 0.28,
      "AvgTubeWeight": 1.42
    },
    {
      "ID": "10174",
      "IDStock": "4086fbbc-8dc9-418d-8de9-7d65ccab24a0",
      "InStockT": 43.16,
      "InStockM": 262.4128,
      "SoonArriveT": 0,
      "SoonArriveM": 0,
      "ReservedT": 0,
      "ReservedM": 0,
      "UnderTheOrder": false,
      "AvgTubeLength": 0.73,
      "AvgTubeWeight": 4.438
    },
    {
      "ID": "10175",
      "IDStock": "055228a9-0eaf-42a6-b259-1fe69d19865e",
      "InStockT": 65.41,
      "InStockM": 38.5919,
      "SoonArriveT": 0,
      "SoonArriveM": 0,
      "ReservedT": 0,
      "ReservedM": 0,
      "UnderTheOrder": false,
      "AvgTubeLength": 0.31,
      "AvgTubeWeight": 0.183
    },
    {
      "ID": "10176",
      "IDStock": "881fcb8e-26d4-467a-be21-f0f877e77c99",
      "InStockT": 54.33,
      "InStockM": 327.6099,
      "SoonArriveT": 0,
      "SoonArriveM": 0,
      "ReservedT": 0,
      "ReservedM": 0,
      "UnderTheOrder": false,
      "AvgTubeLength": 0.97,
      "AvgTubeWeight": 5.849
    },
    {
      "ID": "10177",
      "IDStock": "055228a9-0eaf-42a6-b259-1fe69d19865e",
      "InStockT": 55.31,
      "InStockM": 353.984,
      "SoonArriveT": 0,
      "SoonArriveM": 0,
      "ReservedT": 0,
      "ReservedM": 0,
      "UnderTheOrder": false,
      "AvgTubeLength": 0.7,
      "AvgTubeWeight": 4.48
    },
    {
      "ID": "10178",
      "IDStock": "055228a9-0eaf-42a6-b259-1fe69d19865e",
      "InStockT": 93.88,
      "InStockM": 718.182,
      "SoonArriveT": 0,
      "SoonArriveM": 0,
      "ReservedT": 0,
      "ReservedM": 0,
      "UnderTheOrder": false,
      "AvgTubeLength": 0.91,
      "AvgTubeWeight": 6.962
    },
    {
      "ID": "10179",
      "IDStock": "c90165d4-835c-44e0-a79a-661fc4ebcec1",
      "InStockT": 92.98,
      "InStockM": 535.5648,
      "SoonArriveT": 0,
      "SoonArriveM": 0,
      "ReservedT": 0,
      "ReservedM": 0,
      "UnderTheOrder": false,
      "AvgTubeLength": 0.99,
      "AvgTubeWeight": 5.702
    },
    {
      "ID": "10180",
      "IDStock": "c90165d4-835c-44e0-a79a-661fc4ebcec1",
      "InStockT": 15.08,
      "InStockM": 106.9172,
      "SoonArriveT": 0,
      "SoonArriveM": 0,
      "ReservedT": 0,
      "ReservedM": 0,
      "UnderTheOrder": false,
      "AvgTubeLength": 0.21,
      "AvgTubeWeight": 1.489
    },
    {
      "ID": "10181",
      "IDStock": "881fcb8e-26d4-467a-be21-f0f877e77c99",
      "InStockT": 29.38,
      "InStockM": 42.8948,
      "SoonArriveT": 0,
      "SoonArriveM": 0,
      "ReservedT": 0,
      "ReservedM": 0,
      "UnderTheOrder": false,
      "AvgTubeLength": 0.82,
      "AvgTubeWeight": 1.197
    },
    {
      "ID": "10182",
      "IDStock": "055228a9-0eaf-42a6-b259-1fe69d19865e",
      "InStockT": 4.01,
      "InStockM": 30.1953,
      "SoonArriveT": 0,
      "SoonArriveM": 0,
      "ReservedT": 0,
      "ReservedM": 0,
      "UnderTheOrder": false,
      "AvgTubeLength": 0.41,
      "AvgTubeWeight": 3.087
    },
    {
      "ID": "10183",
      "IDStock": "c90165d4-835c-44e0-a79a-661fc4ebcec1",
      "InStockT": 23.22,
      "InStockM": 19.0404,
      "SoonArriveT": 0,
      "SoonArriveM": 0,
      "ReservedT": 0,
      "ReservedM": 0,
      "UnderTheOrder": false,
      "AvgTubeLength": 0.51,
      "AvgTubeWeight": 0.418
    },
    {
      "ID": "10184",
      "IDStock": "881fcb8e-26d4-467a-be21-f0f877e77c99",
      "InStockT": 29.57,
      "InStockM": 123.3069,
      "SoonArriveT": 0,
      "SoonArriveM": 0,
      "ReservedT": 0,
      "ReservedM": 0,
      "UnderTheOrder": false,
      "AvgTubeLength": 0.46,
      "AvgTubeWeight": 1.918
    },
    {
      "ID": "10185",
      "IDStock": "881fcb8e-26d4-467a-be21-f0f877e77c99",
      "InStockT": 91.08,
      "InStockM": 62.8452,
      "SoonArriveT": 0,
      "SoonArriveM": 0,
      "ReservedT": 0,
      "ReservedM": 0,
      "UnderTheOrder": false,
      "AvgTubeLength": 0.5,
      "AvgTubeWeight": 0.345
    },
    {
      "ID": "10186",
      "IDStock": "055228a9-0eaf-42a6-b259-1fe69d19865e",
      "InStockT": 93.46,
      "InStockM": 864.505,
      "SoonArriveT": 0,
      "SoonArriveM": 0,
      "ReservedT": 0,
      "ReservedM": 0,
      "UnderTheOrder": false,
      "AvgTubeLength": 0.17,
      "AvgTubeWeight": 1.573
    },
    {
      "ID": "10187",
      "IDStock": "7ea241c8-a1a2-4094-b57b-f814b9eea821",
      "InStockT": 57.3,
      "InStockM": 140.385,
      "SoonArriveT": 0,
      "SoonArriveM": 0,
      "ReservedT": 0,
      "ReservedM": 0,
      "UnderTheOrder": false,
      "AvgTubeLength": 0.88,
      "AvgTubeWeight": 2.156
    },
    {
      "ID": "10188",
      "IDStock": "055228a9-0eaf-42a6-b259-1fe69d19865e",
      "InStockT": 80.22,
      "InStockM": 566.3532,
      "SoonArriveT": 0,
      "SoonArriveM": 0,
      "ReservedT": 0,
      "ReservedM": 0,
      "UnderTheOrder": false,
      "AvgTubeLength": 0.77,
      "AvgTubeWeight": 5.436
    },
    {
      "ID": "10189",
      "IDStock": "055228a9-0eaf-42a6-b259-1fe69d19865e",
      "InStockT": 4.08,
      "InStockM": 28.6008,
      "SoonArriveT": 0,
      "SoonArriveM": 0,
      "ReservedT": 0,
      "ReservedM": 0,
      "UnderTheOrder": false,
      "AvgTubeLength": 0.86,
      "AvgTubeWeight": 6.029
    },
    {
      "ID": "10190",
      "IDStock": "7ea241c8-a1a2-4094-b57b-f814b9eea821",
      "InStockT": 7.17,
      "InStockM": 63.7413,
      "SoonArriveT": 0,
      "SoonArriveM": 0,
      "ReservedT": 0,
      "ReservedM": 0,
      "UnderTheOrder": false,
      "AvgTubeLength": 0.37,
      "AvgTubeWeight": 3.289
    },
    {
      "ID": "10191",
      "IDStock": "055228a9-0eaf-42a6-b259-1fe69d19865e",
      "InStockT": 21.39,
      "InStockM": 210.2637,
      "SoonArriveT": 0,
      "SoonArriveM": 0,
      "ReservedT": 0,
      "ReservedM": 0,
      "UnderTheOrder": false,
      "AvgTubeLength": 0.33,
      "AvgTubeWeight": 3.244
    },
    {
      "ID": "10192",
      "IDStock": "7ea241c8-a1a2-4094-b57b-f814b9eea821",
      "InStockT": 74.45,
      "InStockM": 600.8115,
      "SoonArriveT": 0,
      "SoonArriveM": 0,
      "ReservedT": 0,
      "ReservedM": 0,
      "UnderTheOrder": false,
      "AvgTubeLength": 0.46,
      "AvgTubeWeight": 3.712
    },
    {
      "ID": "10193",
      "IDStock": "4086fbbc-8dc9-418d-8de9-7d65ccab24a0",
      "InStockT": 57.05,
      "InStockM": 334.8835,
      "SoonArriveT": 0,
      "SoonArriveM": 0,
      "ReservedT": 0,
      "ReservedM": 0,
      "UnderTheOrder": false,
      "AvgTubeLength": 0.28,
      "AvgTubeWeight": 1.644
    },
    {
      "ID": "10194",
      "IDStock": "055228a9-0eaf-42a6-b259-1fe69d19865e",
      "InStockT": 15.04,
      "InStockM": 74.8992,
      "SoonArriveT": 0,
      "SoonArriveM": 0,
      "ReservedT": 0,
      "ReservedM": 0,
      "UnderTheOrder": false,
      "AvgTubeLength": 0.44,
      "AvgTubeWeight": 2.191
    },
    {
      "ID": "10195",
      "IDStock": "c90165d4-835c-44e0-a79a-661fc4ebcec1",
      "InStockT": 66.66,
      "InStockM": 309.3024,
      "SoonArriveT": 0,
      "SoonArriveM": 0,
      "ReservedT": 0,
      "ReservedM": 0,
      "UnderTheOrder": false,
      "AvgTubeLength": 0.36,
      "AvgTubeWeight": 1.67
    },
    {
      "ID": "10196",
      "IDStock": "7ea241c8-a1a2-4094-b57b-f814b9eea821",
      "InStockT": 44.7,
      "InStockM": 89.847,
      "SoonArriveT": 0,
      "SoonArriveM": 0,
      "ReservedT": 0,
      "ReservedM": 0,
      "UnderTheOrder": false,
      "AvgTubeLength": 0.09,
      "AvgTubeWeight": 0.181
    },
    {
      "ID": "10197",
      "IDStock": "4086fbbc-8dc9-418d-8de9-7d65ccab24a0",
      "InStockT": 63.66,
      "InStockM": 329.7588,
      "SoonArriveT": 0,
      "SoonArriveM": 0,
      "ReservedT": 0,
      "ReservedM": 0,
      "UnderTheOrder": false,
      "AvgTubeLength": 0.37,
      "AvgTubeWeight": 1.917
    },
    {
      "ID": "10198",
      "IDStock": "c90165d4-835c-44e0-a79a-661fc4ebcec1",
      "InStockT": 12.01,
      "InStockM": 103.286,
      "SoonArriveT": 0,
      "SoonArriveM": 0,
      "ReservedT": 0,
      "ReservedM": 0,
      "UnderTheOrder": false,
      "AvgTubeLength": 0.07,
      "AvgTubeWeight": 0.602
    },
    {
      "ID": "10199",
      "IDStock": "055228a9-0eaf-42a6-b259-1fe69d19865e",
      "InStockT": 69.29,
      "InStockM": 73.4474,
      "SoonArriveT": 0,
      "SoonArriveM": 0,
      "ReservedT": 0,
      "ReservedM": 0,
      "UnderTheOrder": false,
      "AvgTubeLength": 0.73,
      "AvgTubeWeight": 0.774
    },
    {
      "ID": "10200",
      "IDStock": "055228a9-0eaf-42a6-b259-1fe69d19865e",
      "InStockT": 48.37,
      "InStockM": 299.4103,
      "SoonArriveT": 0,
      "SoonArriveM": 0,
      "ReservedT": 0,
      "ReservedM": 0,
      "UnderTheOrder": false,
      "AvgTubeLength": 0.45,
      "AvgTubeWeight": 2.785
    }
  ]
}