{
  "ArrayOfStockEl": [
    {
      "IDStock": "4086fbbc-8dc9-418d-8de9-7d65ccab24a0",
      "Stock": "Екатеринбург",
      "StockName": "Екатеринбург",
      "Address": "поселок Шувакиш, ул Зеленая, 50а",
      "Schedule": "пн - чт 08.00-17.00, пт 08.00-15.45",
      "IDDivision": "f7c8d34a-85ed-4420-bacb-6e588930b020",
      "CashPayment": true,
      "CardPayment": true,
      "FIASId": "1f28727e-1be6-4d36-bf26-225bb21477f9",
      "OwnerInn": "7700000000",
      "OwnerKpp": "770001001",
      "OwnerFullName": "Общество с ограниченной ответственностью \"Металл-Логистик\"",
      "OwnerShortName": "ООО \"Металл-Логистик\"",
      "RailwayStation": "510007",
      "ConsigneeCode": "2338"
    },
    {
      "IDStock": "c90165d4-835c-44e0-a79a-661fc4ebcec1",
      "Stock": "Москва",
      "StockName": "Москва",
      "Address": "",
      "Schedule": "пн - чт 08.00-17.00, пт 08.00-15.45",
      "IDDivision": "08cf2b31-af24-4da4-a09e-8522b17741b7",
      "CashPayment": true,
      "CardPayment": true,
      "FIASId": "f80ca6b8-f739-49fa-a376-c4b640d2307b",
      "OwnerInn": "7700000000",
      "OwnerKpp": "770001001",
      "OwnerFullName": "Общество с ограниченной ответственностью \"Металл-Логистик\"",
      "OwnerShortName": "ООО \"Металл-Логистик\"",
      "RailwayStation": "510007",
      "ConsigneeCode": "2338"
    },
    {
      "IDStock": "7ea241c8-a1a2-4094-b57b-f814b9eea821",
      "Stock": "Екатеринбург",
      "StockName": "Екатеринбург",
      "Address": "переулок Низовой, 1",
      "Schedule": "пн - чт 08.00-17.00, пт 08.00-15.45",
      "IDDivision": "7212b9ac-d406-4e21-82ce-d0cfd8054005",
      "CashPayment": true,
      "CardPayment": true,
      "FIASId": "17a12d7e-848d-4373-b5fa-3cbeadedd1da",
      "OwnerInn": "7700000000",
      "OwnerKpp": "770001001",
      "OwnerFullName": "Общество с ограниченной ответственностью \"Металл-Логистик\"",
      "OwnerShortName": "ООО \"Металл-Логистик\"",
      "RailwayStation": "510007",
      "ConsigneeCode": "2338"
    },
    {
      "IDStock": "881fcb8e-26d4-467a-be21-f0f877e77c99",
      "Stock": "Челябинск",
      "StockName": "Челябинск",
      "Address": "Производственная, 8",
      "Schedule": "пн - чт 08.00-17.00, пт 08.00-15.45",
      "IDDivision": "555222d7-a5b9-4472-a225-d839a66c350e",
      "CashPayment": true,
      "CardPayment": true,
      "FIASId": "ae5c8dc3-5ad5-4590-a4ea-2603d601e5b3",
      "OwnerInn": "7700000000",
      "OwnerKpp": "770001001",
      "OwnerFullName": "Общество с ограниченной ответственностью \"Металл-Логистик\"",
      "OwnerShortName": "ООО \"Металл-Логистик\"",
      "RailwayStation": "510007",
      "ConsigneeCode": "2338"
    },
    {
      "IDStock": "055228a9-0eaf-42a6-b259-1fe69d19865e",
      "Stock": "Санкт-Петербург",
      "StockName": "Санкт-Петербург",
      "Address": "",
      "Schedule": "пн - чт 08.00-17.00, пт 08.00-15.45",
      "IDDivision": "988f2e63-ed8c-4724-b9c6-0bf8661d2236",
      "CashPayment": true,
      "CardPayment": true,
      "FIASId": "53e50b6f-2e02-4114-8600-af86306e5921",
      "OwnerInn": "7700000000",
      "OwnerKpp": "770001001",
      "OwnerFullName": "Общество с ограниченной ответственностью \"Металл-Логистик\"",
      "OwnerShortName": "ООО \"Металл-Логистик\"",
      "RailwayStation": "510007",
      "ConsigneeCode": "2338"
    }
  ]
}